,model,dataset,accuracy,accuracy,f1,f1,roc_auc,roc_auc,log_loss,log_loss,ks,ks,fold,fold,train_time_s,train_time_s,rmse,rmse,mae,mae,r2,r2,f1_macro,f1_macro,f1_weighted,f1_weighted,roc_auc_ovr,roc_auc_ovr
,,,mean,std,mean,std,mean,std,mean,std,mean,std,mean,std,mean,std,mean,std,mean,std,mean,std,mean,std,mean,std,mean,std
0,catboost,adult,0.8721878165099275,0.004391788725797842,0.7074854089876121,0.011610552464559849,0.9287664225663705,0.00291600396536483,0.27704209832395404,0.005711029199691111,0.6953526044804195,0.0042124881631444636,2.0,1.5811388300841898,4.916709981200256,1.0051736964642548,,,,,,,,,,,,
1,catboost,amazon_employee,0.9545298493229067,0.0015412629296843153,0.976206764506691,0.0008013898585667571,0.8885298614902022,0.006533100432677218,0.14001532392580834,0.0026998941230876265,0.6394730942847132,0.01862302615070595,2.0,1.5811388300841898,4.030562101257965,0.8427701817667443,,,,,,,,,,,,
2,catboost,bank_marketing,0.9095058165235896,0.0035736605475193174,0.5563013579456322,0.019766877757723216,0.9378112844038476,0.0020428631434713366,0.19362906082567027,0.0036595221551122795,0.7543231585336139,0.01184906133255695,2.0,1.5811388300841898,6.585843131784349,1.5196429984495516,,,,,,,,,,,,
3,catboost,california_housing,,,,,,,,,,,2.0,1.5811388300841898,1.6286825485993177,0.1895042439451962,0.26516582769798935,0.0055853593560829815,0.16698069523747655,0.003594342576294521,0.7185895150371886,0.011866178236868134,,,,,,
4,catboost,cardiovascular_disease,0.7363928571428572,0.003394384054912591,0.7250040078120101,0.00528355039930296,0.8042677293925304,0.00271278479686904,0.5377838573055842,0.002943777472893315,0.4764031576077975,0.005517041190303536,2.0,1.5811388300841898,2.916463201798615,0.528276498534132,,,,,,,,,,,,
5,catboost,covertype,0.9168375,0.0027374001123328553,,,,,0.22059864572709037,0.005903824674951764,,,2.0,1.5811388300841898,97.04811979619917,0.2872121230352766,,,,,,,0.8712962153416681,0.005895540011570782,0.9163867777484829,0.002780298490127145,0.9840587923389801,0.0009422158763084196
6,catboost,credit_g,0.7625,0.030935921676911476,0.8443560138271187,0.023547575416893587,0.7968377976190476,0.05753279353986478,0.5038562521098131,0.05292405999220934,0.5130952380952382,0.10624207987020674,2.0,1.5811388300841898,0.09871245597023517,0.035740558903834686,,,,,,,,,,,,
7,catboost,give_me_some_credit,0.9376374999999999,0.0006809345599982608,0.3021263844658306,0.008515896413883495,0.8652316101952179,0.00547595332837622,0.17738878905442648,0.0021950297422869613,0.5781638322755358,0.013706473944193484,2.0,1.5811388300841898,2.750562015362084,1.0345465766938189,,,,,,,,,,,,
8,catboost,helena,0.38127936879099755,0.004421767981617835,,,,,2.5665784060142323,0.01431757514542884,,,2.0,1.5811388300841898,363.64601434483194,0.08598117928463143,,,,,,,0.2310831982011246,0.007199462282049474,0.3497174229033523,0.004338213899412739,0.9039123049132062,0.0016515487256646161
9,catboost,higgs,0.7310428352881183,0.001997811420117646,0.7478131091916301,0.002208521993329573,0.8114382393706532,0.0029538038066040124,0.5264718252043735,0.0030785979445413104,0.4637877686562438,0.004386669574860829,2.0,1.5811388300841898,10.633997914998327,0.6383126210778566,,,,,,,,,,,,
10,catboost,jannis,0.7247632645920477,0.00509604853349285,,,,,0.6791100686950031,0.005778199031164677,,,2.0,1.5811388300841898,86.37736599179917,1.9346935351688752,,,,,,,0.5546958789083598,0.006760092340105636,0.7191242675519713,0.0048396953696299705,0.8774140798168014,0.0026215019618269393
11,catboost,kin8nm,,,,,,,,,,,2.0,1.5811388300841898,2.5147593040135687,0.17263385894248792,0.08569932758267014,0.002073135275891042,0.066379913656538,0.0014242205414703448,0.894070047869333,0.004312134109719816,,,,,,
12,catboost,magictelescope,0.8657943925233645,0.006847030286194468,0.8612635386973195,0.005884400012805404,0.9368921303170582,0.002919425629767936,0.31476007030853936,0.007336420545735204,0.7383177570093459,0.013150698392028303,2.0,1.5811388300841898,0.9740723100258037,0.1650290202392349,,,,,,,,,,,,
13,catboost,phoneme,0.9083962213658745,0.006826944993187563,0.8412287408244996,0.014791768634397814,0.9643777774670148,0.0032323258621190292,0.22416930720008849,0.007663308794019945,0.8074631918568522,0.016685457568169245,2.0,1.5811388300841898,1.048645813227631,0.46412516588145614,,,,,,,,,,,,
14,catboost,superconduct,,,,,,,,,,,2.0,1.5811388300841898,5.835334844805766,0.6635999849270606,0.8394646525908118,0.009802315506766267,0.6177003279194493,0.006505997931913545,0.1861684055350068,0.009932141740480132,,,,,,
15,catboost,telco_customer_churn,0.8079541245797879,0.015557883722353066,0.6007676610042565,0.031490029403491555,0.8505971636192126,0.01292355366201703,0.4108720825176465,0.013118882695122167,0.5548299967152814,0.03323123585251297,2.0,1.5811388300841898,0.2337875497963978,0.04924357893237528,,,,,,,,,,,,
16,catboost,wine_quality,,,,,,,,,,,2.0,1.5811388300841898,3.685648471605964,0.4937031001684889,0.6110702007295508,0.02353421234557432,0.4269794039428782,0.016640204043601677,0.5128697513411413,0.023836846321330284,,,,,,
17,catboost,year_prediction,,,,,,,,,,,2.0,1.5811388300841898,38.374299974390304,3.470731490441938,8.851949399740722,0.11012212290624097,6.185142761686651,0.05690511374572421,0.34023893010137873,0.01044201735982177,,,,,,
18,ft_transformer,adult,0.8606708270553319,0.0053462227851021225,0.6823898529761914,0.019036298489959833,0.9167207032959585,0.004466532010181168,0.2993405695279786,0.007532435134719832,0.6691823624854634,0.008075774444350784,2.0,1.5811388300841898,178.33238949420192,30.413155201670065,,,,,,,,,,,,
19,ft_transformer,amazon_employee,0.9438489414457372,0.0012694687234250572,0.9708482324059238,0.0006448542455107342,0.796698463444128,0.011094232270819286,0.18812705117399248,0.004148991274443075,0.46734236145993613,0.02717297121152781,2.0,1.5811388300841898,607.3491745522012,43.599933893039555,,,,,,,,,,,,
20,ft_transformer,bank_marketing,0.9091463453090946,0.0026268542874522006,0.5893644302185754,0.017293542820959927,0.9380245854857957,0.001223706260141835,0.19413927401105427,0.0018676559039431852,0.7611881071428812,0.009282839713010195,2.0,1.5811388300841898,89.55911569979507,6.422726547669834,,,,,,,,,,,,
21,ft_transformer,california_housing,,,,,,,,,,,2.0,1.5811388300841898,31.611664948801625,3.680297337943282,0.27646383994209245,0.005335693609574601,0.15366361870222545,0.004481196147851168,0.6941161938984015,0.011850520735928915,,,,,,
22,ft_transformer,cardiovascular_disease,0.7376607142857143,0.003168951131764307,0.7277106040094454,0.006519925750328495,0.8033609688161423,0.0023038369788151466,0.5390454924887323,0.0024736978085030717,0.47747704183927847,0.0059249923413093476,2.0,1.5811388300841898,79.35101837260008,21.602950879124336,,,,,,,,,,,,
23,ft_transformer,covertype,0.9112124999999999,0.002954604457452794,,,,,0.2310227756808388,0.003988779053035004,,,2.0,1.5811388300841898,343.6403282897998,49.44299597594931,,,,,,,0.8619248705913869,0.007028862900356884,0.9111021936938805,0.003106409469579185,0.9836005976720774,0.0007699539286247041
24,ft_transformer,credit_g,0.76,0.06578848683470385,0.837240520080605,0.0431921642438179,0.7862723214285714,0.07374697611857532,0.4937934034622156,0.08663729698706123,0.4970238095238095,0.14339865126960238,2.0,1.5811388300841898,0.5187007540138439,0.10517440911758033,,,,,,,,,,,,
25,ft_transformer,give_me_some_credit,0.9365874999999999,0.0008734361024138858,0.2537162523579069,0.05084416889022764,0.8345149805664439,0.0031205403232059388,0.18701955285924954,0.001139195541269244,0.531293592944195,0.008523559563856517,2.0,1.5811388300841898,54.59750998360105,14.108468525555818,,,,,,,,,,,,
26,ft_transformer,helena,0.387357260213627,0.003638266918042617,,,,,2.5308508693660827,0.014114929505078247,,,2.0,1.5811388300841898,89.22862605759875,5.707442996352674,,,,,,,0.23445488910221135,0.004186841541065499,0.3605044430039804,0.00409615408516118,0.9079325708778734,0.0012000549161006327
27,ft_transformer,higgs,0.7319479857215706,0.0032656696867622483,0.7488787439239184,0.006591178816877443,0.8124675660221431,0.004300044211644403,0.5269429139976393,0.0044022401534479115,0.46518772072369197,0.006185056171430204,2.0,1.5811388300841898,73.9482183819986,5.35284193974893,,,,,,,,,,,,
28,ft_transformer,jannis,0.7295852363183444,0.0023753742939896195,,,,,0.6682955822183091,0.005161419278396626,,,2.0,1.5811388300841898,152.79672103321644,19.43086610305058,,,,,,,0.5914212809499394,0.006442020291032674,0.7267011632192494,0.0020500823707374294,0.8819985527240626,0.0021385843871232317
29,ft_transformer,kin8nm,,,,,,,,,,,2.0,1.5811388300841898,21.964596946979874,4.227758365784356,0.06795346439263665,0.0009817605037091123,0.05300826769129809,0.0006275800442541948,0.9332334828449319,0.005681065729701237,,,,,,
30,ft_transformer,magictelescope,0.8599065420560749,0.007602618485987621,0.8527133439761242,0.007600108957996072,0.9339987771857803,0.003221805014720179,0.32081459392720985,0.006002540839194755,0.7271028037383178,0.015271153867633834,2.0,1.5811388300841898,15.721107412176206,2.6258269412014354,,,,,,,,,,,,
31,ft_transformer,phoneme,0.886187647184757,0.006157756818743751,0.8008537370364952,0.0080377810406338,0.9479942304771981,0.00412416375831209,0.2729191181725656,0.01103430254417688,0.769075658444709,0.01454307310811166,2.0,1.5811388300841898,8.676031849812716,2.2275721099141306,,,,,,,,,,,,
32,ft_transformer,superconduct,,,,,,,,,,,2.0,1.5811388300841898,84.98912315118359,19.067087920603303,0.8501205739346706,0.012427187667759809,0.6267599079215527,0.008365346267916633,0.16539216689821296,0.013318779191284434,,,,,,
33,ft_transformer,telco_customer_churn,0.8045815530629582,0.01605537922828399,0.6002570195670989,0.03185560057404578,0.8486557020989787,0.015593955462963322,0.4145346924563042,0.01664831784035906,0.5544215188161352,0.044736018660869736,2.0,1.5811388300841898,25.38299087700434,9.654598260368948,,,,,,,,,,,,
34,ft_transformer,wine_quality,,,,,,,,,,,2.0,1.5811388300841898,17.073143982794136,1.0844440111214986,0.6813433143962111,0.02179518298140704,0.5332996315300187,0.0190080053142977,0.3941408304315477,0.03086056184169234,,,,,,
35,ft_transformer,year_prediction,,,,,,,,,,,2.0,1.5811388300841898,157.93808520960155,11.336610974539267,8.933081476009981,0.10897885919455291,6.1591757308959965,0.09797564796077404,0.3281369741693699,0.00532446782450076,,,,,,
36,kan,adult,0.8583419264371361,0.004646046556554698,0.6752322435381493,0.015389354100119376,0.9148434954701102,0.003754120536460181,0.3035155855420806,0.006997216192169477,0.6646852725622833,0.008779890267933778,2.0,1.5811388300841898,10.418000941600031,1.04438851531287,,,,,,,,,,,,
37,kan,amazon_employee,0.9448025939347702,0.0009593573404508444,0.9712700823179746,0.0005469332379987657,0.8243313007080444,0.011776658025750475,0.17380279685201522,0.003670964912561552,0.52682964395959,0.028436857719636305,2.0,1.5811388300841898,10.294204176601488,0.6553160524013095,,,,,,,,,,,,
38,kan,bank_marketing,0.9084275022617934,0.0033731100965732216,0.5692192019527003,0.02217293346033413,0.9313216374696512,0.0028799803903805437,0.20162195255375068,0.0022630665631159456,0.7420269461627129,0.012684089769593176,2.0,1.5811388300841898,14.74955967499991,1.6974661471956722,,,,,,,,,,,,
39,kan,california_housing,,,,,,,,,,,2.0,1.5811388300841898,15.046362964799846,2.5475451590172047,0.325212985985158,0.0074231285214730255,0.21651789644794955,0.010103828015055041,0.576679573672507,0.019069195397870085,,,,,,
40,kan,cardiovascular_disease,0.7349464285714286,0.0021711304424099657,0.7263287197539791,0.0014765687144515428,0.8007906362786406,0.0031089611168900718,0.5426775762223137,0.003547772553325554,0.4738053184740048,0.005276871716881306,2.0,1.5811388300841898,61.20967216680001,11.321660777212497,,,,,,,,,,,,
41,kan,covertype,0.9039999999999999,0.002542221592426626,,,,,0.26443755441519196,0.0059400472346420536,,,2.0,1.5811388300841898,74.98514450620023,3.673603735870489,,,,,,,0.8453456230134027,0.006011717996675862,0.9036874146507481,0.0024482328501226024,0.9803781845783632,0.0004704472990465638
42,kan,credit_g,0.76375,0.05562148865321745,0.837651892440898,0.039143240569002626,0.7967261904761904,0.0665019745323424,0.4868539404125108,0.08324450546499404,0.5071428571428571,0.1315024971094912,2.0,1.5811388300841898,0.3329190078031388,0.0728209739874073,,,,,,,,,,,,
43,kan,give_me_some_credit,0.93645,0.0007672495519711985,0.26997158137061705,0.01720887828483475,0.8311236671279646,0.0036563741872882877,0.18879785539045632,0.0011894103829472192,0.5242350572083839,0.00627568059503173,2.0,1.5811388300841898,56.380003849597415,15.925891289205785,,,,,,,,,,,,
44,kan,helena,0.36699536039636454,0.005737946439674149,,,,,2.632807901075613,0.01954115963287095,,,2.0,1.5811388300841898,20.14781873179745,0.8151639045231932,,,,,,,0.21751110564902393,0.010498846162309854,0.3388273966058136,0.006310345264420894,0.8994747452437304,0.002090997660431158
45,kan,higgs,0.7250382457929627,0.003214315634545713,0.7417071781052978,0.0074527710740525215,0.8039703126100795,0.00251744183105941,0.5366050512450667,0.0034123493847817094,0.45301462102078965,0.003990687941105538,2.0,1.5811388300841898,30.425841819400375,1.8323765652914654,,,,,,,,,,,,
46,kan,jannis,0.7151642699660398,0.00494570924775925,,,,,0.6967093802396997,0.0076491230219988635,,,2.0,1.5811388300841898,28.678754479198687,2.520512204389714,,,,,,,0.5692313198119479,0.015835637664839308,0.7114372965759717,0.005797787922837592,0.8709780942831685,0.003263522094114787
47,kan,kin8nm,,,,,,,,,,,2.0,1.5811388300841898,5.348089190199244,0.7751342545483522,0.15002121231468854,0.0027985656092110673,0.11464258381917795,0.0025546037039818736,0.6746631165287317,0.02712165232867432,,,,,,
48,kan,magictelescope,0.8400000000000001,0.0086958586637694,0.8336768060061133,0.00919635824867301,0.9193152240370338,0.0037395073729024376,0.3547803022441869,0.006773440949334082,0.6872897196261682,0.01499119023909366,2.0,1.5811388300841898,5.402964510199672,0.611563438577585,,,,,,,,,,,,
49,kan,phoneme,0.858431010490259,0.015402744393763589,0.7531303936458595,0.02778924241506891,0.9240564898682637,0.013791251440177463,0.31829828746508115,0.027755545537787616,0.7049261589139149,0.03216388088662354,2.0,1.5811388300841898,3.505577368802915,0.57963192109798,,,,,,,,,,,,
50,kan,superconduct,,,,,,,,,,,2.0,1.5811388300841898,11.986155212398444,0.6527303898358685,0.8527548755402041,0.010031005350904414,0.6274603627883,0.00747119322293561,0.16019797101577887,0.010176264550698881,,,,,,
51,kan,telco_customer_churn,0.8084861962392494,0.010778284362984225,0.6052325361981545,0.03848024889344756,0.8475210279721541,0.015332342276714634,0.4145633768940556,0.016279455601997183,0.5446101632159147,0.04103532115438741,2.0,1.5811388300841898,1.5666869699998642,0.15811248942039377,,,,,,,,,,,,
52,kan,wine_quality,,,,,,,,,,,2.0,1.5811388300841898,4.802015116601251,1.8940032012748673,0.6672609697752941,0.016745269821325657,0.45677158160509557,0.0217103999436934,0.41903029349690757,0.0206631832616035,,,,,,
53,kan,year_prediction,,,,,,,,,,,2.0,1.5811388300841898,219.67235121159973,8.182511161751622,8.901026585601315,0.13176242539105817,6.138574632263184,0.07588639647223254,0.33295154528990806,0.009325460412063575,,,,,,
54,lightgbm,adult,0.873339520040559,0.0045935061127327015,0.7115148992623614,0.011142800570956277,0.9300032928040473,0.0026916217140057013,0.27373298582081396,0.005464614330057269,0.6961147514817182,0.006772750229118768,2.0,1.5811388300841898,0.6505716086016037,0.06521011919401866,,,,,,,,,,,,
55,lightgbm,amazon_employee,0.9475872592027464,0.0017344943802234316,0.9727840521569988,0.0008313856683737118,0.8464733981062462,0.010559781020707494,0.1600936111869613,0.003418414367228772,0.5686410076180697,0.011036040378676016,2.0,1.5811388300841898,0.24309551143087446,0.07852519732394776,,,,,,,,,,,,
56,lightgbm,bank_marketing,0.8968970590320735,0.012564790230300814,0.28948959248803874,0.26118251605774706,0.9341783060230127,0.003872519091341386,0.23588684035304577,0.04670707632907135,0.743693657534954,0.020838421119985,2.0,1.5811388300841898,1.0928706894163043,0.8483053907877548,,,,,,,,,,,,
57,lightgbm,california_housing,,,,,,,,,,,2.0,1.5811388300841898,0.46688539880269675,0.07658275415856147,0.2638165128816157,0.004710321942201122,0.15817780568347534,0.003753037773787471,0.7214742188423869,0.009962678098687032,,,,,,
58,lightgbm,cardiovascular_disease,0.737,0.0038731891753121246,0.724877923221728,0.00568835751349406,0.8041257682503703,0.002691381336626566,0.5379804661482563,0.002897583819679341,0.47601051074979817,0.006924885920056795,2.0,1.5811388300841898,0.4491507743994589,0.09614421442485663,,,,,,,,,,,,
59,lightgbm,covertype,0.9183125000000001,0.0013132438368406248,,,,,0.22074683649002025,0.006286776937645924,,,2.0,1.5811388300841898,8.68576267940016,0.17635239670596964,,,,,,,0.8574674878117543,0.0038156220915568128,0.9175644435371643,0.0012661678753110735,0.9852031524203502,0.000813780443265073
60,lightgbm,credit_g,0.7525000000000001,0.04432655806624287,0.8344363421675703,0.030388766227928514,0.7955171130952381,0.05613275612992595,0.5234111666018676,0.08684990552859596,0.4946428571428571,0.11787743331831704,2.0,1.5811388300841898,0.009811018174514175,0.004810582050144014,,,,,,,,,,,,
61,lightgbm,give_me_some_credit,0.9374375,0.0006281172263201039,0.2571293618919657,0.015001567586095018,0.8648867763772332,0.005329362582999438,0.17823567622522757,0.0023453062668748583,0.5754347733293288,0.011957072055824572,2.0,1.5811388300841898,0.17518281964585186,0.019948216457289874,,,,,,,,,,,,
62,lightgbm,helena,0.37380178677820297,0.004172372450048058,,,,,2.6169632812553485,0.014677299965627215,,,2.0,1.5811388300841898,52.781442548427734,1.221936230212455,,,,,,,0.22689621269761817,0.0063948061021208095,0.34617468652110034,0.004356577878939852,0.8989124880755031,0.002053497500793695
63,lightgbm,higgs,0.7310683324834268,0.003667299812249414,0.7470757573386153,0.0035541973106559947,0.8115042358026512,0.0023298961688752143,0.525707322436407,0.002622578303788248,0.46217069133946864,0.007888341635222649,2.0,1.5811388300841898,3.7082860715920107,0.8310893843139653,,,,,,,,,,,,
64,lightgbm,jannis,0.7242258976931948,0.0030220029498093264,,,,,0.6799840053674606,0.004974972064739283,,,2.0,1.5811388300841898,6.3485048657981675,0.4004643299144955,,,,,,,0.5529869646836647,0.0063010937056096296,0.7185636037669948,0.00285548597635301,0.8776513006329285,0.00253027054533482
65,lightgbm,kin8nm,,,,,,,,,,,2.0,1.5811388300841898,0.6256017861887813,0.1646028971698616,0.10661315013749453,0.002618098266936571,0.08299506125877903,0.0023050281774426263,0.8360717516668382,0.006370160851198479,,,,,,
66,lightgbm,magictelescope,0.8627102803738318,0.00808964750257207,0.8582001282640036,0.007292477046698157,0.933362215040615,0.0037857806255084895,0.3229688599376216,0.007651671862388749,0.7297196261682244,0.014574645749247056,2.0,1.5811388300841898,0.2355535907903686,0.10395373627549277,,,,,,,,,,,,
67,lightgbm,phoneme,0.9049256047955471,0.0033664304381719337,0.8383758195237961,0.004212647433440492,0.961946210705278,0.006137327094476506,0.30177411547014066,0.032046533456300645,0.8026568730670238,0.01623497005572432,2.0,1.5811388300841898,0.14326824301388114,0.04906677416519547,,,,,,,,,,,,
68,lightgbm,superconduct,,,,,,,,,,,2.0,1.5811388300841898,2.5955844502081162,0.4013122611404217,0.839174738272059,0.009985353536034226,0.617925906311698,0.005606736777076579,0.18672180814709233,0.011070648241158812,,,,,,
69,lightgbm,telco_customer_churn,0.8022728096567224,0.01438015559731832,0.5910417668131941,0.014326613676144887,0.8481259144799786,0.011852402577697282,0.4160059624084497,0.014165150848877657,0.5476880928276755,0.0183729567543069,2.0,1.5811388300841898,0.07896178800147027,0.04151738720660734,,,,,,,,,,,,
70,lightgbm,wine_quality,,,,,,,,,,,2.0,1.5811388300841898,0.5676558417850174,0.21113149724514926,0.6164607189825455,0.024974201545295914,0.43157927014860276,0.02325953670009572,0.5042868631033093,0.024621996553740276,,,,,,
71,lightgbm,year_prediction,,,,,,,,,,,2.0,1.5811388300841898,8.033297182602109,0.37854813235775303,8.826350431456605,0.12394893642438529,6.14326897806456,0.06554218650863898,0.3440797592024487,0.009654892331926443,,,,,,
72,mlp,adult,0.8556545505131217,0.00617948385722056,0.6728262764259796,0.010337516794115641,0.9134934624170056,0.004248435467770764,0.3066661839538818,0.007366414852009743,0.6660771314681014,0.009114502721351928,2.0,1.5811388300841898,9.159889490198111,0.8453126044238345,,,,,,,,,,,,
73,mlp,amazon_employee,0.9442685485409117,0.0013446161916471366,0.9708834027072999,0.0007426525031743017,0.8273969032983928,0.01393627564554483,0.17411324863550903,0.004052801096751573,0.5293739511796864,0.028837344578287544,2.0,1.5811388300841898,8.67488003356848,0.6784696398220001,,,,,,,,,,,,
74,mlp,bank_marketing,0.9076809011442311,0.002436942883725686,0.5890055880151795,0.013909090158366024,0.9320775427646204,0.0028659211127146215,0.19999096488836784,0.0037321244742112587,0.7326795202944011,0.011234494032348802,2.0,1.5811388300841898,16.992658856790513,5.482332618380389,,,,,,,,,,,,
75,mlp,california_housing,,,,,,,,,,,2.0,1.5811388300841898,8.421061868403921,4.5635361060220045,0.29713179116476257,0.011141263689153033,0.18394167855973728,0.015108021979232918,0.646380053002296,0.026642212966910012,,,,,,
76,mlp,cardiovascular_disease,0.73475,0.0021028633904216294,0.7240380614067387,0.006557902370434491,0.801650936350746,0.0033921326975992704,0.541679154339829,0.003281375232496312,0.47322186176638026,0.005411192962471999,2.0,1.5811388300841898,17.31649386700301,8.088419587544356,,,,,,,,,,,,
77,mlp,covertype,0.909675,0.002187678564140535,,,,,0.23291221973753856,0.005432281699959093,,,2.0,1.5811388300841898,89.71918456921703,0.5110205102149825,,,,,,,0.8661372245828842,0.004055850591382209,0.9098690418530729,0.002247172519185764,0.9829341282108764,0.0007790780778121417
78,mlp,credit_g,0.775,0.06265605517426068,0.8474015878951754,0.04114595944428767,0.7955357142857142,0.0724448193312655,0.4769289221851296,0.08019348906258944,0.4976190476190476,0.12702790973879602,2.0,1.5811388300841898,0.15776603440754117,0.036566736890338125,,,,,,,,,,,,
79,mlp,give_me_some_credit,0.934075,0.0003760402239122759,0.06412841163300112,0.01299917975550181,0.8299774085558159,0.002880943955471516,0.19307824412090807,0.0013157857582981256,0.5277404694789625,0.005724449577449431,2.0,1.5811388300841898,33.95756025820155,6.950428723405089,,,,,,,,,,,,
80,mlp,helena,0.3839636016669284,0.0037831334162069866,,,,,2.518582408337057,0.01556690270422694,,,2.0,1.5811388300841898,59.07224033798557,1.0654887739042331,,,,,,,0.22470747802509705,0.006078004933391248,0.34731160271698724,0.004424427721191858,0.9105237940475295,0.0012956111848713922
81,mlp,higgs,0.7340387557368689,0.004231257448844959,0.7535868206820358,0.00441585678427086,0.8140963820728176,0.00333446461649439,0.523475350135566,0.0036193636944838563,0.46884047259206224,0.008373704555177249,2.0,1.5811388300841898,80.89702867718879,12.724158666355825,,,,,,,,,,,,
82,mlp,jannis,0.7223150689225184,0.002013756021609814,,,,,0.6804353656391535,0.00440366922120455,,,2.0,1.5811388300841898,56.401515656593254,14.41870656679826,,,,,,,0.5422938072440949,0.00572262935076654,0.7172301612089406,0.002047936338733342,0.876368515978562,0.0019536045438945026
83,mlp,kin8nm,,,,,,,,,,,2.0,1.5811388300841898,3.524069487815723,1.9541700167038412,0.0763650790659353,0.00628727836039735,0.0593988257348265,0.004373839970057575,0.9150761725405079,0.016531243319709354,,,,,,
84,mlp,magictelescope,0.8587850467289719,0.00481557870205171,0.8509547016778379,0.004491051385989643,0.9339395580400035,0.003345832692179683,0.3231695836398997,0.008008198569373721,0.7272897196261683,0.014378558584999703,2.0,1.5811388300841898,5.726587556605227,0.783316939775829,,,,,,,,,,,,
85,mlp,phoneme,0.8753230036394776,0.01261958892095439,0.784233630464389,0.022514546125697435,0.9449248529608256,0.010205112318905986,0.2696870907791551,0.023396150140414587,0.7467564835447936,0.0321959697422805,2.0,1.5811388300841898,3.3571654356084766,1.1124424527416772,,,,,,,,,,,,
86,mlp,superconduct,,,,,,,,,,,2.0,1.5811388300841898,21.4479242399917,4.494528587421763,0.8598914122773877,0.012921864038227891,0.6271017718983873,0.009420658318739126,0.1460948009767734,0.014402312926161282,,,,,,
87,mlp,telco_customer_churn,0.80174105320559,0.013319236365827455,0.5903621098347094,0.03626256087798399,0.8448308325963572,0.015657609590461002,0.41736055680162065,0.01680352607077954,0.5492933136879301,0.03543099945581027,2.0,1.5811388300841898,0.6747255102032795,0.09875198791682885,,,,,,,,,,,,
88,mlp,wine_quality,,,,,,,,,,,2.0,1.5811388300841898,3.4976284440024754,0.7520117670777944,0.6768898635227545,0.025888598885359333,0.5189170463298141,0.021033788108630408,0.40225101630890847,0.02987437784300993,,,,,,
89,mlp,year_prediction,,,,,,,,,,,2.0,1.5811388300841898,66.83427787260152,2.2302643489529284,9.559163118122331,0.09775246129493367,6.941184065246583,0.16029865277412397,0.23053284197947788,0.01528662687046514,,,,,,
90,realmlp,adult,0.8645354884952301,0.006218746690771529,0.6862221957072168,0.01498086516420094,0.9190905290816721,0.004887166816068883,0.3098171679444521,0.009019431634640168,0.6725665868489539,0.008845432917750683,2.0,1.5811388300841898,77.67820691139931,28.16132521851994,,,,,,,,,,,,
91,realmlp,amazon_employee,0.9465954606141522,0.0005721914934197955,0.9722375603351064,0.0003029688164209161,0.8143147464999425,0.014518704766825966,0.183787132368273,0.002970819404137645,0.5007261198153936,0.03185140756524234,2.0,1.5811388300841898,19.83372629459482,6.61433856052546,,,,,,,,,,,,
92,realmlp,bank_marketing,0.9108605418419655,0.0020823443629776964,0.5864383006158747,0.012800740961622177,0.934729219856503,0.0024473764728498424,0.19693427520110324,0.00353081435616341,0.7451975964835268,0.01601359997719871,2.0,1.5811388300841898,29.788299208786338,20.956173491095495,,,,,,,,,,,,
93,realmlp,california_housing,,,,,,,,,,,2.0,1.5811388300841898,25.02084257239476,0.6528853551442502,0.27914338419327395,0.004496223990394556,0.15464219374933402,0.004539815594703056,0.6881853440805008,0.010027377794098968,,,,,,
94,realmlp,cardiovascular_disease,0.7388035714285714,0.0023669977970899193,0.7246351889212125,0.0040521638845744945,0.8027439692685089,0.002624614509383348,0.5420788245435928,0.004182283023440309,0.47861982300420747,0.0036820167344805144,2.0,1.5811388300841898,59.51114347720286,21.52018610729052,,,,,,,,,,,,
95,realmlp,covertype,0.9263625,0.0022918844593478203,,,,,0.23199831760741246,0.010061900534549213,,,2.0,1.5811388300841898,122.14181895859656,27.287978135340992,,,,,,,0.8826777936531727,0.006306898776267925,0.9261822489803528,0.0023697427901989356,0.9869463470212603,0.0006226385017631392
96,realmlp,credit_g,0.785,0.055480852552930324,0.8583207911164902,0.034035703334117005,0.7732142857142857,0.08023890386144046,0.5131453288819448,0.07981348917198272,0.4821428571428571,0.15787841916517673,2.0,1.5811388300841898,0.859371262579225,0.29205205514547744,,,,,,,,,,,,
97,realmlp,give_me_some_credit,0.9381625,0.0007788713789837027,0.30219733706285545,0.02218582336200045,0.8625059278504246,0.00611369410166044,0.1787869260001366,0.002394837126309686,0.572782059400623,0.01585129415200632,2.0,1.5811388300841898,67.38012225659914,39.195039766634615,,,,,,,,,,,,
98,realmlp,helena,0.3927833975296618,0.0066704796302662125,,,,,2.516577631661666,0.01583028736936405,,,2.0,1.5811388300841898,83.04590016559231,2.345852140617746,,,,,,,0.24473543505837553,0.009609756078067825,0.36440949633660685,0.006358751837392729,0.9090518954132716,0.0013013412990248298
99,realmlp,higgs,0.736664966853646,0.003454905246220645,0.7550417046705349,0.006861508272474645,0.815703173933468,0.0029938770143258836,0.5230567475965608,0.0028908450090591844,0.4732875917190028,0.006766738346516901,2.0,1.5811388300841898,36.40272319199285,1.8414115397651247,,,,,,,,,,,,
100,realmlp,jannis,0.7291522556594767,0.004204071696758925,,,,,0.6760736914717461,0.008224834891104474,,,2.0,1.5811388300841898,46.872295138379556,0.5390999546081713,,,,,,,0.5953353472092406,0.003707536740176354,0.7269065961491005,0.0042797833364104755,0.8804260774885492,0.0030697007988968396
101,realmlp,kin8nm,,,,,,,,,,,2.0,1.5811388300841898,11.436503119801637,0.6270696056442545,0.06438847968219677,0.0012675973414842247,0.050056445970155794,0.0010659246318833852,0.9401027608192702,0.004439805945990954,,,,,,
102,realmlp,magictelescope,0.8719626168224298,0.004033335631222457,0.8672470039459312,0.0038017698988316896,0.9383210760765133,0.004582721151428957,0.3141144667016411,0.017986325963655538,0.7465420560747663,0.01045727157435468,2.0,1.5811388300841898,12.205489618401042,3.0311659746250132,,,,,,,,,,,,
103,realmlp,phoneme,0.9151038321558552,0.0047711058328307855,0.8533678772980938,0.007067052063281565,0.9580154207236369,0.0016626137755163294,0.46726281915946866,0.09007214892724953,0.7996810171397786,0.013750349791858033,2.0,1.5811388300841898,7.7993351354263725,1.7771080460291948,,,,,,,,,,,,
104,realmlp,superconduct,,,,,,,,,,,2.0,1.5811388300841898,14.653433923388366,0.6294234335514852,0.8471599416116806,0.011265788013824976,0.6235082093842477,0.007489969424696201,0.17119650983196552,0.011051149284346919,,,,,,
105,realmlp,telco_customer_churn,0.8116814630709802,0.017463958739787875,0.6024853551054504,0.05847835314687112,0.8433749450112943,0.017202728085604357,0.4205182413705315,0.02014413662779245,0.5438613956594084,0.04025138779319679,2.0,1.5811388300841898,4.940399079793133,2.351172800239106,,,,,,,,,,,,
106,realmlp,wine_quality,,,,,,,,,,,2.0,1.5811388300841898,7.248340898007155,1.5863161434629547,0.6555296237282463,0.019933086776301394,0.4589083385502832,0.03266619000332178,0.43945685170238413,0.018152376432366123,,,,,,
107,realmlp,year_prediction,,,,,,,,,,,2.0,1.5811388300841898,33.53285599097144,1.3309667870185076,8.754918648429829,0.10717017695206528,6.000377549743652,0.053870043133644296,0.35462999524771455,0.009460090483219375,,,,,,
108,saint,adult,0.8634861129056055,0.006400930819408397,0.6861538191913075,0.014707858152431785,0.9192657502445819,0.005436517635636681,0.29404719252918304,0.010215808511017149,0.6745735376567804,0.010354789846147879,2.0,1.5811388300841898,401.1941720140021,151.68544369778243,,,,,,,,,,,,
109,saint,amazon_employee,0.9435437726492466,0.0010956632932553976,0.9707950733339707,0.0005510319988142135,0.774560340233504,0.015561454275861256,0.19062911518105943,0.004839017211032972,0.4328331948254833,0.03174249674179214,2.0,1.5811388300841898,845.3886048282263,131.38287187536562,,,,,,,,,,,,
110,saint,bank_marketing,0.9108328755086479,0.002249953050261474,0.6057637758191182,0.010793868920898696,0.9382360042341082,0.0026358076841219956,0.1918039115257494,0.00356646356493655,0.7599671303609666,0.014731675761311491,2.0,1.5811388300841898,462.6294623204041,51.59682414641688,,,,,,,,,,,,
111,saint,california_housing,,,,,,,,,,,2.0,1.5811388300841898,74.46404218900425,17.223299701595817,0.2766188978796936,0.004440618392693393,0.15140487817633913,0.0036953323328308913,0.6938006540732445,0.009834422914524427,,,,,,
112,saint,cardiovascular_disease,0.7367142857142858,0.004139719409055919,0.726723642186678,0.00443165290651518,0.8038918076748363,0.002716932343008093,0.5382926713098474,0.0028368265393361922,0.4768797775277913,0.007449500184924992,2.0,1.5811388300841898,109.5764092404017,12.54706481575362,,,,,,,,,,,,
113,saint,covertype,0.9157875000000001,0.003146364469510791,,,,,0.23460584789783462,0.00804512720378045,,,2.0,1.5811388300841898,1673.5559271583916,179.46392989943016,,,,,,,0.8599862513695629,0.007177689724395821,0.915640123475818,0.0031294572975305917,0.9846127747677971,0.0009264734523984765
114,saint,credit_g,0.7462500000000001,0.05922678870241064,0.8348867619457565,0.035218973839457685,0.7718377976190476,0.08261364381659521,0.5033562017932439,0.08156029944548614,0.48571428571428565,0.137572775010306,2.0,1.5811388300841898,5.856765118613839,1.027516609426076,,,,,,,,,,,,
115,saint,give_me_some_credit,0.9370750000000001,0.0007035068407627869,0.2820076889818161,0.024816314851775993,0.8458044405378071,0.015173068585686244,0.18380595530316363,0.003947196233531187,0.5450472371863002,0.023573390366771786,2.0,1.5811388300841898,115.86791559120029,51.59332429213131,,,,,,,,,,,,
116,saint,helena,0.37278564940041276,0.004999966421375879,,,,,2.5989391387359695,0.014655379972452311,,,2.0,1.5811388300841898,486.4748693974223,54.07114571648047,,,,,,,0.19683606292618389,0.005989978400439141,0.3384227381495301,0.004470574608086404,0.9027330370946357,0.0015826066827962504
117,saint,higgs,0.7311830698623151,0.0032656696867622388,0.7455176995068606,0.0037750802180473416,0.8124156441175746,0.004079286811624298,0.5257072212450187,0.004980513165180219,0.4646436572920901,0.007425361440227403,2.0,1.5811388300841898,240.29355544600404,10.082602114135007,,,,,,,,,,,,
118,saint,jannis,0.7251812964790394,0.004425687528257484,,,,,0.6791508158202315,0.007541378245171376,,,2.0,1.5811388300841898,1385.0600722227712,127.31537207955057,,,,,,,0.5793093422899103,0.01624535126385811,0.7222336860428905,0.004977419275933407,0.8775639563869513,0.003806914379977399
119,saint,kin8nm,,,,,,,,,,,2.0,1.5811388300841898,27.94908045278862,6.130261801213736,0.06881853392213153,0.0014284628241021176,0.053151836298618804,0.0009688197149922478,0.9317011481919678,0.0021715818537517994,,,,,,
120,saint,magictelescope,0.8621495327102803,0.008610058772284239,0.855810492183229,0.010096655218732006,0.9343952310245436,0.004589878033351251,0.32232123127780354,0.00964364507252693,0.7297196261682244,0.01816308915544909,2.0,1.5811388300841898,62.185163877788,12.390752718565148,,,,,,,,,,,,
121,saint,phoneme,0.8822562085206593,0.007317652693921418,0.7958630024206216,0.014585638339935791,0.9449317059933959,0.006134475223983307,0.2813764846852474,0.011527426927431078,0.7468624089117762,0.02463332931316216,2.0,1.5811388300841898,8.174009820120409,1.2116628192165777,,,,,,,,,,,,
122,saint,superconduct,,,,,,,,,,,2.0,1.5811388300841898,316.83177734239723,23.967339318037766,0.85107251178257,0.010079341036122387,0.62946173803962,0.0049339284282542495,0.16352715133018614,0.008154833567653086,,,,,,
123,saint,telco_customer_churn,0.8049369504539788,0.015322307024379075,0.5987785087561666,0.029748710360584518,0.8503397138108086,0.011879574001642416,0.41091110849976864,0.012924485826899633,0.5512900721065381,0.033424666621441515,2.0,1.5811388300841898,58.167970472178425,18.047417372891143,,,,,,,,,,,,
124,saint,wine_quality,,,,,,,,,,,2.0,1.5811388300841898,9.289478173386305,1.5001075503740942,0.6819572534342482,0.023289822267535995,0.528812398243826,0.017294917226326385,0.3929145113455358,0.03563131162245124,,,,,,
125,saint,year_prediction,,,,,,,,,,,2.0,1.5811388300841898,398.8020116980013,40.47344947288477,8.943673340613572,0.11385223907436452,6.17255795288086,0.07719607787083335,0.32652449291850044,0.008437581402301794,,,,,,
126,stab,adult,0.8601079677027027,0.0032129321135929323,0.6692986349909699,0.011427554300465746,0.9175122315116541,0.0031038293883220744,0.2977899341580379,0.0058599349767974535,0.6722912175165844,0.007469153064302015,2.0,1.5811388300841898,1154.2499094019993,218.724034611732,,,,,,,,,,,,
127,stab,amazon_employee,0.9420942208659164,0.00010446739605287795,0.9701838442535774,5.53938619396215e-05,0.6685147010785494,0.013462961028373138,0.21187854684038232,0.0013411826418215928,0.25209008374124886,0.014681896191348433,2.0,1.5811388300841898,1564.7261676120106,122.08930849272971,,,,,,,,,,,,
128,stab,bank_marketing,0.9096993547185146,0.0029266368356342717,0.547813917160252,0.01935371168215247,0.9372531886051609,0.0029941879407030117,0.19355786510206413,0.0033839098442367,0.754204068530261,0.016152913955237283,2.0,1.5811388300841898,463.9871064195875,101.43894968091514,,,,,,,,,,,,
129,stab,california_housing,,,,,,,,,,,2.0,1.5811388300841898,104.68418464459828,10.97182232624775,0.2846823674919704,0.004746407603747624,0.18238798806247017,0.006679035715541204,0.6756821712684351,0.010779906471684962,,,,,,
130,stab,cardiovascular_disease,0.7360178571428572,0.0027905178365167692,0.723316442228392,0.003912720336715114,0.8029729457586733,0.003253456735866517,0.5390557508070437,0.003301822264497385,0.474600943880218,0.005273440195971922,2.0,1.5811388300841898,175.0157800437999,42.757854145480046,,,,,,,,,,,,
131,stab,covertype,0.9255625000000001,0.0033871309762097744,,,,,0.19925561533240946,0.006133090794751723,,,2.0,1.5811388300841898,2317.570241955202,234.57050131970556,,,,,,,0.8773920668233819,0.007545204576232898,0.9252153721470944,0.003409041158644512,0.9882305000504138,0.0009705678962496259
132,stab,credit_g,0.7275,0.023217719526258385,0.8321661618416183,0.016212426682526555,0.7806175595238095,0.06755416141432273,0.5202843408295423,0.03137472080851901,0.4708333333333333,0.09564181543347254,2.0,1.5811388300841898,5.188743693009019,1.0447983090470578,,,,,,,,,,,,
133,stab,give_me_some_credit,0.936725,0.0008587782018659609,0.2508333963585919,0.012150124421796402,0.8343544036382102,0.0036794998608787543,0.18696613387622743,0.0013916946933868039,0.5280672485698327,0.008017162199026349,2.0,1.5811388300841898,244.96463445640111,35.235710756703355,,,,,,,,,,,,
134,stab,helena,0.3816628521608255,0.004792659498938301,,,,,2.5316414892659393,0.013069627719264893,,,2.0,1.5811388300841898,124.9001027276041,22.494885294374477,,,,,,,0.22387477103499193,0.004466593860647769,0.3492413463722999,0.004231618438691199,0.9086781847033161,0.0012052353424558389
135,stab,higgs,0.7370729219785824,0.004224722535986704,0.7514016399839359,0.003926624853001979,0.8180784008221009,0.003860123366826698,0.5177790574263778,0.004581662304475484,0.4753706667692543,0.007430484044815751,2.0,1.5811388300841898,374.46270612140654,48.67835774739034,,,,,,,,,,,,
136,stab,jannis,0.7306749556581609,0.00555616232175118,,,,,0.6632914074979439,0.008769793521455014,,,2.0,1.5811388300841898,1005.2112077486236,105.92702122173279,,,,,,,0.5789441003582351,0.0160166044221612,0.7263382923970222,0.006278316916618533,0.8830684577264408,0.003681345217088718
137,stab,kin8nm,,,,,,,,,,,2.0,1.5811388300841898,51.67083194899605,10.02401703217435,0.07642761847163888,0.0030012084570748996,0.0594184786674077,0.0025585077654181267,0.9154384875053001,0.009584249370496695,,,,,,
138,stab,magictelescope,0.8551401869158879,0.010742583114553842,0.8488684568703582,0.009660675041240248,0.9311059481177395,0.003294454253142069,0.3280145283171254,0.009345371597442847,0.7175700934579439,0.019906761439710787,2.0,1.5811388300841898,59.50569140415173,3.029179772618112,,,,,,,,,,,,
139,stab,phoneme,0.8700002676086491,0.009227516989270212,0.7710173186260745,0.018185424741329878,0.9370321199602756,0.010140759163948276,0.2887443719441705,0.022302469620633855,0.7342992084833724,0.02770387109035472,2.0,1.5811388300841898,23.04546643658541,6.783929694750206,,,,,,,,,,,,
140,stab,superconduct,,,,,,,,,,,2.0,1.5811388300841898,203.39163163559277,28.926909726534625,0.8511663404828098,0.010980473155057114,0.6290333106410497,0.006130647061007644,0.1633307625204921,0.011273397335119633,,,,,,
141,stab,telco_customer_churn,0.8036945568249696,0.01085456049166304,0.5555601472352405,0.04509869100638896,0.8463462775628049,0.01217973181892384,0.41976019901773337,0.010437308765755196,0.5453481240032947,0.03464015593839209,2.0,1.5811388300841898,40.256722142989744,4.92809015796414,,,,,,,,,,,,
142,stab,wine_quality,,,,,,,,,,,2.0,1.5811388300841898,28.17391008660197,5.49782159621154,0.7090626471772171,0.02549745945558586,0.5531312602440239,0.015566037196752366,0.3442683011288318,0.024735287190655278,,,,,,
143,stab,year_prediction,,,,,,,,,,,2.0,1.5811388300841898,396.1834300586139,147.76168352331854,9.307364861336996,0.8458733214213162,6.649223323059083,0.8543087615622216,0.2645088088462127,0.1504960656736835,,,,,,
144,tabfm,adult,0.8743887744506349,0.004279573776953583,0.7124749596563399,0.009704103333666596,0.9315315720529724,0.002766721767029943,0.2714604363186258,0.005249457923683535,0.7026683649200095,0.005881314508302748,2.0,1.5811388300841898,2.461864874199955,5.148698469620174,,,,,,,,,,,,
145,tabfm,amazon_employee,0.9526225443448407,0.0022389518353354053,0.9752219033940763,0.0012105464254436634,0.874958767192644,0.005756088396383194,0.14689596097797958,0.0020318723671845997,0.6242773620481711,0.019721991753087455,2.0,1.5811388300841898,1.1091289824005799,2.2733005252434744,,,,,,,,,,,,
146,tabfm,bank_marketing,0.9156714106515995,0.0021368006705136133,0.6180169755651257,0.008337794301764697,0.94781658225066,0.002044433200083749,0.17899146642892796,0.0034134446065643732,0.784793462683106,0.0059121473671739505,2.0,1.5811388300841898,1.19717385499971,2.2651693959358306,,,,,,,,,,,,
147,tabfm,california_housing,,,,,,,,,,,2.0,1.5811388300841898,2.389011376599592,5.2106107685572365,0.2367954895559597,0.005616570938400173,0.11271181651908824,0.0035349754544812214,0.775563282529976,0.010653533261696267,,,,,,
148,tabfm,cardiovascular_disease,0.7383035714285715,0.0035719865635531257,0.7271174857477938,0.0046579143344755505,0.8056824142358305,0.0028410805405825776,0.5373375612527636,0.003221576771269806,0.4796548169381868,0.0066017570203918815,2.0,1.5811388300841898,2.49862435920013,5.178778806672451,,,,,,,,,,,,
149,tabfm,covertype,0.95795,0.0011570098854374348,,,,,0.10508268702523246,0.00227723015895197,,,2.0,1.5811388300841898,3.340531267200143,5.201754433184476,,,,,,,0.9257016074258555,0.0037892206104911774,0.9578656814927538,0.0011953465298310355,0.99643829545305,0.00019463306023651458
150,tabfm,credit_g,0.7737499999999999,0.05217907866185449,0.8468542328014544,0.03634052854620658,0.8059709821428571,0.06976538852949796,0.4765216065030405,0.07181189705266505,0.49523809523809526,0.13665544067881158,2.0,1.5811388300841898,1.0631260366004427,2.2786049831502457,,,,,,,,,,,,
151,tabfm,give_me_some_credit,0.9379375,0.000628117226320011,0.2894940848678046,0.009900354881547205,0.868336134439061,0.00459311292510883,0.1777565492737084,0.0021569663454906476,0.585501777379389,0.013682685825822263,2.0,1.5811388300841898,1.3040068630012684,2.2798147165524165,,,,,,,,,,,,
152,tabfm,higgs,0.757508924018358,0.003346780057328689,0.7721415026194809,0.0030627090639573093,0.8419757317827017,0.0029557542751178275,0.4874299715479136,0.004093987392758611,0.5152826128574672,0.005857473965478843,2.0,1.5811388300841898,1.7368112420004764,2.26164478217462,,,,,,,,,,,,
153,tabfm,jannis,0.7819096461062109,0.0014832124685152125,,,,,0.5633647023526127,0.005458048961674245,,,2.0,1.5811388300841898,2.182223937600065,2.2274650814012835,,,,,,,0.6873678187415208,0.0044309118501759314,0.780397726000008,0.0013844340752616903,0.9168042768904373,0.0015973237357527364
154,tabfm,kin8nm,,,,,,,,,,,2.0,1.5811388300841898,1.0332906358002218,2.2593834654747313,0.06584929429939239,0.0007271005974225165,0.05157846022704641,0.00039818748523716755,0.9373957778630293,0.0036074027428136994,,,,,,
155,tabfm,magictelescope,0.8923364485981308,0.0043410183785022784,0.8888741486281606,0.004144620062974806,0.9573291117128134,0.002416397789010629,0.25446207017600453,0.00813566647795092,0.7914018691588784,0.007190797780064047,2.0,1.5811388300841898,1.0529508520005038,2.240098105218178,,,,,,,,,,,,
156,tabfm,phoneme,0.9287534789124384,0.009012119206158242,0.8777695900863478,0.015558307156602167,0.9814166414585586,0.003587889270990855,0.15985523156011971,0.014627996520880244,0.8598103383187903,0.015891120461119956,2.0,1.5811388300841898,1.0290771030005998,2.26579918350315,,,,,,,,,,,,
157,tabfm,superconduct,,,,,,,,,,,2.0,1.5811388300841898,1.6247642444010126,2.255150711408195,0.8311594175537159,0.009325686134366155,0.6108440929669693,0.0066124922467909845,0.20218953595451597,0.009307834612975761,,,,,,
158,tabfm,telco_customer_churn,0.7786635482055978,0.019369715496566634,0.6129316064445529,0.025463985901211076,0.8344720281292102,0.009491193659241256,0.45769643340912286,0.02237612026875531,0.535245502384454,0.024032906821944658,2.0,1.5811388300841898,1.0568394491998334,2.2318566034143896,,,,,,,,,,,,
159,tabfm,wine_quality,,,,,,,,,,,2.0,1.5811388300841898,1.0529706819987041,2.2688865666023768,0.5929327626398516,0.02431085925342558,0.3965495088193192,0.018691148570582426,0.5411235202229601,0.029413603038831244,,,,,,
160,tabfm,year_prediction,,,,,,,,,,,2.0,1.5811388300841898,3.2221779635998247,2.231870315542051,8.514975284250133,0.12433556732377275,5.747603895568848,0.0508496175956529,0.38954128848828284,0.00973869002472939,,,,,,
161,tabkan,adult,0.859032826720942,0.005904462195026047,0.6731980159513553,0.017399267085265645,0.9145623991455214,0.003996711963974301,0.30278377203744455,0.007618718724547165,0.6646970640868307,0.005987869500582528,2.0,1.5811388300841898,13.872861999599262,3.368402288472941,,,,,,,,,,,,
162,tabkan,amazon_employee,0.9451459088308221,0.0007212538775963899,0.9715673535565854,0.00039076553164491863,0.8134878092227048,0.0146024100481775,0.17691671523545419,0.0038446559135268308,0.49745897137796335,0.020122420871098078,2.0,1.5811388300841898,15.982287584798177,2.3051500437559556,,,,,,,,,,,,
163,tabkan,bank_marketing,0.907404581824595,0.0045803900036973585,0.5477466090691923,0.033731152517305185,0.9303057434960991,0.003103582297785445,0.20178843786256526,0.003615208357904964,0.7315915326097585,0.009392657017348474,2.0,1.5811388300841898,9.837643761599612,1.7467854724022531,,,,,,,,,,,,
164,tabkan,california_housing,,,,,,,,,,,2.0,1.5811388300841898,6.528761973800647,0.6798532704152017,0.330326241211697,0.0055915083745242,0.22158898101147054,0.007423248363743896,0.5633460127550606,0.014678906863886634,,,,,,
165,tabkan,cardiovascular_disease,0.7339285714285715,0.002454139308372319,0.7237768750282783,0.004091804663046071,0.8006196476535903,0.0030592020018926787,0.5421886188637285,0.0028897515000264004,0.47154563663101234,0.004580792901200559,2.0,1.5811388300841898,14.184732088199235,1.3566955900076099,,,,,,,,,,,,
166,tabkan,covertype,0.892675,0.0024588011560514877,,,,,0.29516220702230245,0.006583176233294763,,,2.0,1.5811388300841898,31.59670668399958,1.6255113117296545,,,,,,,0.8216508224502945,0.004354741337564919,0.8924042917187224,0.002203452469373066,0.977245205835807,0.0009386155943421557
167,tabkan,credit_g,0.7625,0.060110575192722955,0.844372605712366,0.0364307672341379,0.7883928571428571,0.08163534622766896,0.4890194879048512,0.0796619978746291,0.4892857142857143,0.13900115927182607,2.0,1.5811388300841898,0.173218391998671,0.030396518999925223,,,,,,,,,,,,
168,tabkan,give_me_some_credit,0.9356875,0.0008420120990817183,0.2681752259022933,0.025789411298304084,0.8263520134377472,0.004571391112278039,0.19033043681419234,0.0017493948729929332,0.5197841454995001,0.0074035100313514495,2.0,1.5811388300841898,60.09548384479858,9.29128775078735,,,,,,,,,,,,
169,tabkan,helena,0.35317146918723274,0.0064782718296461815,,,,,2.702700494402932,0.01708201489526515,,,2.0,1.5811388300841898,29.3973872313989,2.2169435664894817,,,,,,,0.19921191722004053,0.008561552408179551,0.3224137620462029,0.006665632514583587,0.8926377341177716,0.001641973390803856
170,tabkan,higgs,0.7140489546149923,0.004157000825007749,0.731410626595351,0.007573327848791134,0.7904195059619631,0.0031850441820643017,0.5513547780190328,0.0042337017703516855,0.4310312475262643,0.006848595730513928,2.0,1.5811388300841898,17.89599380079999,2.0454306169592718,,,,,,,,,,,,
171,tabkan,jannis,0.7026243696648548,0.003267131856198611,,,,,0.7154407125602065,0.005732421457508996,,,2.0,1.5811388300841898,22.812548890600738,4.888481123269163,,,,,,,0.5384556318405481,0.017480301091118807,0.6970370393628886,0.004191267151391809,0.8623403830798848,0.002776684483492423
172,tabkan,kin8nm,,,,,,,,,,,2.0,1.5811388300841898,3.3074916568009938,0.2747519492004592,0.1552780574635218,0.002913375519732559,0.11899991236748513,0.0020938355499173157,0.6518789027800175,0.02157253522165099,,,,,,
173,tabkan,magictelescope,0.8346728971962616,0.004938701903033807,0.8285205801363456,0.005346921691771853,0.9130159839287275,0.0021399859349830507,0.3676946632771009,0.0011565468703816802,0.6760747663551402,0.006427569668803479,2.0,1.5811388300841898,2.144390757000656,0.5366301875253019,,,,,,,,,,,,
174,tabkan,phoneme,0.861439466923571,0.014139654023118805,0.7544428213729603,0.026006581440832083,0.9268958063729912,0.013601376516286066,0.31189447244675583,0.028254887132610002,0.7148403231461781,0.029153482592373017,2.0,1.5811388300841898,1.46791102480056,0.2744089813853061,,,,,,,,,,,,
175,tabkan,superconduct,,,,,,,,,,,2.0,1.5811388300841898,5.646558731602272,0.19786185442294646,0.8555878039455594,0.009166280232054869,0.6318285045781253,0.005466523782975256,0.15459944089763586,0.009554994772695648,,,,,,
176,tabkan,telco_customer_churn,0.8035156760982252,0.008717023829825591,0.5715001196429674,0.027493642926227458,0.846978588335281,0.013389528235739816,0.4148879699563241,0.013201677201779966,0.5427035660540734,0.04044739687157312,2.0,1.5811388300841898,1.9516380600001866,0.41354051469950087,,,,,,,,,,,,
177,tabkan,wine_quality,,,,,,,,,,,2.0,1.5811388300841898,1.526073954399908,0.2555019787482856,0.6937296876818525,0.021030435476443114,0.5336576896776601,0.01636347484696738,0.3720188867765524,0.02764609521816112,,,,,,
178,tabkan,year_prediction,,,,,,,,,,,2.0,1.5811388300841898,57.78308956159999,0.799662209960914,9.02398762852248,0.14174592079851983,6.28195369720459,0.13539046252739348,0.3143603719160463,0.013322609690307352,,,,,,
179,tabm,adult,0.8603637318781306,0.006042092105856306,0.6840485812590983,0.014880276692595689,0.9164674993787265,0.003334790575987564,0.299824963486599,0.005952088744133574,0.668415646840937,0.006772186238593902,2.0,1.5811388300841898,49.10235424659622,7.333457667071189,,,,,,,,,,,,
180,tabm,amazon_employee,0.945260347129506,0.0012579540299707298,0.9715781436656977,0.0006420165156770672,0.8141948894705976,0.009431897079140618,0.1841169646486537,0.0037900200916507194,0.511894631764106,0.016965402694475308,2.0,1.5811388300841898,12.564617475238629,0.48108285563855663,,,,,,,,,,,,
181,tabm,bank_marketing,0.9097823193171133,0.003937051478062334,0.6000844839816961,0.015898892631655382,0.9389964598679426,0.0016679940305907534,0.19046938682399522,0.002379461287572685,0.7569317793690994,0.01075286587644507,2.0,1.5811388300841898,101.84177239642013,4.4773607189279625,,,,,,,,,,,,
182,tabm,california_housing,,,,,,,,,,,2.0,1.5811388300841898,34.30179047319689,4.614216488728512,0.27531124012553454,0.003943525203878861,0.15101692894131763,0.004536454810332703,0.6967003802591792,0.008694659762587117,,,,,,
183,tabm,cardiovascular_disease,0.7361607142857143,0.00318626176429562,0.7248928811665275,0.004212769333836036,0.8035894032167974,0.0028667475791470227,0.5383963084866179,0.002954856575369325,0.4750391773848871,0.006522688920173761,2.0,1.5811388300841898,59.6436573140003,10.38504718390402,,,,,,,,,,,,
184,tabm,covertype,0.9128375,0.001559121347105463,,,,,0.2201896791967355,0.005351460061355702,,,2.0,1.5811388300841898,149.78098732899525,3.8307241398644702,,,,,,,0.8668824854030694,0.005855154204516414,0.9126307126554114,0.0016242549822792092,0.9843291758974916,0.0009523828351891655
185,tabm,credit_g,0.7625,0.07057243619147635,0.8401506252812148,0.047247065151727226,0.7920758928571429,0.0790693264437302,0.47999278011811536,0.09106469649014934,0.48690476190476195,0.14371641380291914,2.0,1.5811388300841898,1.014579913392663,0.375570415780507,,,,,,,,,,,,
186,tabm,give_me_some_credit,0.9367000000000001,0.0008608226443350784,0.2595625361763709,0.019512682981371997,0.8354928101352208,0.0032237670127968103,0.18666919845866162,0.0013572717423988277,0.5333578317289552,0.0036877446595408084,2.0,1.5811388300841898,63.341633923400515,22.389590346706548,,,,,,,,,,,,
187,tabm,helena,0.3887377422654158,0.004409233066768691,,,,,2.5175085031857316,0.018767663749116845,,,2.0,1.5811388300841898,61.32826212097425,9.545698901199565,,,,,,,0.23431020905800742,0.008890002218796475,0.3508572313102558,0.004117552418944632,0.9106961876346062,0.0015838361977191968
188,tabm,higgs,0.742886282508924,0.004437033986065794,0.7577346751129317,0.004213732861347311,0.8241692844335106,0.0046120981666583774,0.5109104763263723,0.00539358315636187,0.4870375843258611,0.008276638295151299,2.0,1.5811388300841898,187.95687283001607,40.21097825024806,,,,,,,,,,,,
189,tabm,jannis,0.7368553480016932,0.004350122338594241,,,,,0.6505462874862923,0.004025291169079712,,,2.0,1.5811388300841898,113.25742081662175,4.558782916783554,,,,,,,0.5918825936397086,0.0033986824263933864,0.733246504755461,0.004086079074044563,0.8872529861351388,0.0022548435671907877
190,tabm,kin8nm,,,,,,,,,,,2.0,1.5811388300841898,22.642475749203005,0.3655799506640372,0.0662126084099293,0.0012304657871390918,0.05163748983028647,0.0009864555923375466,0.9366291213348769,0.005224320418458755,,,,,,
191,tabm,magictelescope,0.8622429906542056,0.005503316082406474,0.855125785979715,0.005560779226542485,0.9360281247270503,0.003705583522641729,0.3153522173019492,0.0067132491999401175,0.7342056074766355,0.012142341509466694,2.0,1.5811388300841898,28.84889528937638,7.044135256003049,,,,,,,,,,,,
192,tabm,phoneme,0.8910468850353244,0.013580617405324215,0.8093160327895133,0.023883249562356417,0.9519816537184891,0.008230688873888899,0.2560284976389964,0.02175018420955892,0.7754033466740734,0.02774682916003909,2.0,1.5811388300841898,6.68303686878644,1.399559221596385,,,,,,,,,,,,
193,tabm,superconduct,,,,,,,,,,,2.0,1.5811388300841898,34.916936719196386,14.346389322909168,0.858172811096454,0.01808532747382203,0.6248573658903315,0.008166444466278618,0.14948403753531406,0.023820205672789946,,,,,,
194,tabm,telco_customer_churn,0.8075988847929318,0.013514034128404233,0.5991929353827258,0.02664989969762522,0.8487134611198861,0.014736044483291468,0.41253319154281964,0.015376769525336339,0.5516082764124401,0.0458422003387941,2.0,1.5811388300841898,9.410933193238453,3.410249847962566,,,,,,,,,,,,
195,tabm,wine_quality,,,,,,,,,,,2.0,1.5811388300841898,8.258998044382315,1.227361737341579,0.6712977460014783,0.0237780280880231,0.5180540950949473,0.018037719293384925,0.4121140219192533,0.026121877129563317,,,,,,
196,tabm,year_prediction,,,,,,,,,,,2.0,1.5811388300841898,146.5884515407961,37.66098639483653,9.099405546084622,0.12324036680802888,6.450157945251465,0.20201281196391263,0.30277663166621044,0.015936209856396714,,,,,,
197,tabnet,adult,0.852404305411109,0.0038721230295856563,0.6547758043485198,0.01943473348092134,0.9105974214243183,0.0041622554525812296,0.31557233260414463,0.004895200807089362,0.6606955746298417,0.008907307234343503,2.0,1.5811388300841898,55.59186890679994,5.585682738523177,,,,,,,,,,,,
198,tabnet,amazon_employee,0.9396528704939919,0.0034400295557949385,0.9684766868149423,0.001973533918012578,0.8119289923354526,0.009206894030406653,0.19851521361474708,0.00891383744885672,0.5053137791823058,0.015082274112678267,2.0,1.5811388300841898,57.607526809792034,12.935073085993753,,,,,,,,,,,,
199,tabnet,bank_marketing,0.9078468532756645,0.003032321435800578,0.5597018521987164,0.03035288520447721,0.9324200280586504,0.0023303953245473125,0.20124834872706923,0.003962079131138732,0.7393319542411875,0.006249981550348198,2.0,1.5811388300841898,149.47123996401206,14.057512775930823,,,,,,,,,,,,
200,tabnet,california_housing,,,,,,,,,,,2.0,1.5811388300841898,36.17090889179963,13.61145258275203,0.3273872382512793,0.008101000923578414,0.21598699097882323,0.009096883809577822,0.5709682328995733,0.021092027476421818,,,,,,
201,tabnet,cardiovascular_disease,0.706017857142857,0.024176207285769438,0.6880103639159668,0.07436655712990059,0.7741695292651608,0.007235190161373648,0.606913503599765,0.011659732530449314,0.43179764406550525,0.01702885689305024,2.0,1.5811388300841898,48.69780617920041,16.601838092279976,,,,,,,,,,,,
202,tabnet,covertype,0.9009625,0.003956452403985177,,,,,0.2662392371097618,0.005832469890986753,,,2.0,1.5811388300841898,413.85480534219533,62.03896343884059,,,,,,,0.8362197295023559,0.011803349894441467,0.9005712028839687,0.004054026714343763,0.9793462961315704,0.0010238321576900172
203,tabnet,credit_g,0.70125,0.008149003006503352,0.8174212150516557,0.010466509482015484,0.7223958333333333,0.0969870245449674,0.5734037266704959,0.04840278081371657,0.3767857142857143,0.14828180236911134,2.0,1.5811388300841898,2.272897793026641,0.9823470536225183,,,,,,,,,,,,
204,tabnet,give_me_some_credit,0.933175,0.0003042665361159341,0.018503830015308687,0.0174242541940834,0.8293060354060955,0.004403290028342911,0.2449300460082624,0.02486616645588004,0.529536890456705,0.014057077015630847,2.0,1.5811388300841898,152.68516537320028,57.54890317214393,,,,,,,,,,,,
205,tabnet,helena,0.35859734551269723,0.0047293379596690735,,,,,2.6770378912704986,0.019275548303661585,,,2.0,1.5811388300841898,58.16852057140786,3.1377367641928964,,,,,,,0.19268152417527729,0.0051178906535952915,0.3227516320817321,0.005611047222749923,0.8980618487081058,0.002090200105862773
206,tabnet,higgs,0.7276389597144315,0.003147832452980831,0.7392217709802154,0.009246863359728455,0.8072387193568081,0.0031733092869613636,0.5346226440385312,0.0042376304725319225,0.4583924177010202,0.007554471370405848,2.0,1.5811388300841898,495.8189171837992,141.35657926891358,,,,,,,,,,,,
207,tabnet,jannis,0.7167466870547592,0.004318755986071595,,,,,0.6963123995501193,0.006824371912141664,,,2.0,1.5811388300841898,80.5236249180045,12.613752011514482,,,,,,,0.5594525349704838,0.01521182255237506,0.7124509533806495,0.004763270947324257,0.8718699624689226,0.0037530328963670473
208,tabnet,kin8nm,,,,,,,,,,,2.0,1.5811388300841898,32.99448226661188,5.654006477178273,0.08108848062083925,0.0028082432267635456,0.06243825115721633,0.002121300500954637,0.905199711903722,0.004080936075506443,,,,,,
209,tabnet,magictelescope,0.8606542056074767,0.008813089067500429,0.8552308097577924,0.0103673709716991,0.9357060005240632,0.0037080505927300526,0.3217702165460231,0.009578865053485304,0.734018691588785,0.012993679470235185,2.0,1.5811388300841898,18.942200098978354,5.267686004159588,,,,,,,,,,,,
210,tabnet,phoneme,0.8799526332691073,0.02037899704179047,0.798088034402953,0.032287781944328534,0.9433793282198184,0.011799518207145665,0.278605392303377,0.0238420409652504,0.7520357142893825,0.032798947126358266,2.0,1.5811388300841898,11.432330688741057,5.915765951570572,,,,,,,,,,,,
211,tabnet,superconduct,,,,,,,,,,,2.0,1.5811388300841898,66.68471120059257,7.290161227431709,0.8655426124478678,0.009900208990337701,0.6378939841628345,0.012519110206454073,0.134849144322687,0.006422388721024047,,,,,,
212,tabnet,telco_customer_churn,0.7909166415813372,0.020170633126295537,0.5789590984338415,0.07350227179982818,0.8446132427006541,0.009523940132098488,0.42914670602147564,0.01726770544803714,0.5457990201563094,0.030798361828215975,2.0,1.5811388300841898,14.037489028158598,3.028219039133982,,,,,,,,,,,,
213,tabnet,wine_quality,,,,,,,,,,,2.0,1.5811388300841898,9.726996128598694,5.435603346328317,0.6956729700001221,0.029184134903603623,0.5347373750165768,0.020503922380349024,0.3681001201927522,0.045006085351713576,,,,,,
214,tabnet,year_prediction,,,,,,,,,,,2.0,1.5811388300841898,598.9637053563958,119.00079425737184,8.929899356890271,0.09710954730734705,6.233750546264648,0.07011507799647619,0.32854812820200063,0.010665022363545074,,,,,,
215,tabpfn,adult,0.8649705034240591,0.004230040853596197,0.6869936511684676,0.009301296756818804,0.9213413833313291,0.0034084302427180866,0.2908657778744018,0.006512407978392077,0.6800783301737381,0.00758549895814843,2.0,1.5811388300841898,1.3850008106004679,0.4027378301125658,,,,,,,,,,,,
216,tabpfn,amazon_employee,0.950028609574671,0.0006467985869850733,0.9739747658208229,0.00034682653360494203,0.8457289872901341,0.010694532777290166,0.1594005676495777,0.004028522236821002,0.5706568510245432,0.01750618904032337,2.0,1.5811388300841898,0.9168686038115993,0.23572503391270072,,,,,,,,,,,,
217,tabpfn,bank_marketing,0.9119666065292776,0.004170525123824358,0.5851378338367397,0.0171335126702204,0.9437179570694424,0.0017947293299938115,0.18511153021696342,0.0034180495716499715,0.7712063666669315,0.008174363696372887,2.0,1.5811388300841898,1.2416072079911828,0.03724738784747433,,,,,,,,,,,,
218,tabpfn,california_housing,,,,,,,,,,,2.0,1.5811388300841898,1.5751289886044106,2.058642054016171,0.25596034518971844,0.0057902707018355915,0.11659798444388829,0.004362046957710685,0.7377749511596854,0.011866067741190782,,,,,,
219,tabpfn,cardiovascular_disease,0.7372500000000001,0.0039211577775354126,0.7268540571713658,0.005672515484750215,0.8037312240860899,0.00263977770463397,0.5394507240529556,0.0029010781982958932,0.4774906325738698,0.00682043112095527,2.0,1.5811388300841898,1.8105339385976549,0.1485405800533569,,,,,,,,,,,,
220,tabpfn,covertype,0.9319625,0.002167587945159315,,,,,0.1763140796452981,0.004101478930389031,,,2.0,1.5811388300841898,10.67335636439966,0.2470930144165205,,,,,,,0.8864811392465205,0.004577169869430451,0.9317390760631294,0.002251960270183224,0.9905691651494969,0.0006320954280106977
221,tabpfn,credit_g,0.7775000000000001,0.04873397172404481,0.8515544064164187,0.03333836561501979,0.796968005952381,0.0679096958551549,0.48682969953593724,0.06474224911038746,0.49404761904761907,0.11455434079712933,2.0,1.5811388300841898,0.15468166982755066,0.1517941839426123,,,,,,,,,,,,
222,tabpfn,give_me_some_credit,0.9377125,0.0009996092986762034,0.3033514578176715,0.010988931085678956,0.8646677425802174,0.004466134491412004,0.17873057492010808,0.002143479035961239,0.5757898250798524,0.013927667353260748,2.0,1.5811388300841898,7.654951791399799,0.15324383460335878,,,,,,,,,,,,
223,tabpfn,higgs,0.7318459969403366,0.0027924958528822105,0.7480103308784539,0.003229014817146867,0.8124207010321172,0.0023152292354932124,0.5248807772586399,0.00301807140842963,0.4659282473768558,0.004914299212160548,2.0,1.5811388300841898,9.261842384992633,0.22345566562422942,,,,,,,,,,,,
224,tabpfn,jannis,0.738452756203771,0.00256118985571737,,,,,0.6474349740980408,0.005634630153978541,,,2.0,1.5811388300841898,11.820302079431713,0.2489715870116334,,,,,,,0.5870492343305862,0.007945916318730178,0.7345159237888855,0.0021937910026306666,0.8888504025287475,0.002593807376818332
225,tabpfn,kin8nm,,,,,,,,,,,2.0,1.5811388300841898,0.3266275770030916,0.07759509123038698,0.0682420701980424,0.0008454976967622907,0.05348038116344034,0.0007430794081487807,0.932749786396468,0.004243723065617844,,,,,,
226,tabpfn,magictelescope,0.880747663551402,0.0055428519073677475,0.8766717071308975,0.004780794384489078,0.9493177570093458,0.0024352642697312047,0.28138065902487586,0.006029810636544421,0.7708411214953271,0.011810510780877834,2.0,1.5811388300841898,0.38084895121864976,0.03536356016350442,,,,,,,,,,,,
227,tabpfn,phoneme,0.9100144508670521,0.006279837424982995,0.8456253173242889,0.011198682684367581,0.9680371024675394,0.003587423863799555,0.2096812214712907,0.009983778924653986,0.8203479345279501,0.015028254700142412,2.0,1.5811388300841898,0.17904571411199868,0.0037794241695628173,,,,,,,,,,,,
228,tabpfn,superconduct,,,,,,,,,,,2.0,1.5811388300841898,4.441119293030352,0.22497236298884804,0.8359765008583382,0.009009378067793318,0.6061719736016633,0.006604310573776695,0.19292258732970588,0.007835124486222306,,,,,,
229,tabpfn,telco_customer_churn,0.8075988847929318,0.014686613828240278,0.5946583879021781,0.021792364962090905,0.8506365668597116,0.012979194510387761,0.4105720204171518,0.013515569318306426,0.5569292958704661,0.026508229570490732,2.0,1.5811388300841898,0.3063173064001603,0.15291907759551346,,,,,,,,,,,,
230,tabpfn,wine_quality,,,,,,,,,,,2.0,1.5811388300841898,0.268522749398835,0.03596084270545398,0.6297483301510748,0.023514471457699433,0.47337611835312854,0.017799137977039064,0.4826531416014034,0.023822482116573895,,,,,,
231,tabpfn,year_prediction,,,,,,,,,,,2.0,1.5811388300841898,46.608896693401036,0.9888495381301168,8.704160946451044,0.12844677725791614,5.839212016296386,0.04819467873095907,0.3621322269127069,0.008807491984883424,,,,,,
232,xgboost,adult,0.8734162365202082,0.0053214505587753915,0.7094695981148251,0.012885422913426195,0.9288697981652783,0.002983373161721503,0.2761596620537644,0.005731542422875078,0.694029599977757,0.0055871297615372965,2.0,1.5811388300841898,0.16636226299960982,0.02649765024467476,,,,,,,,,,,,
233,xgboost,amazon_employee,0.94537478542819,0.0013391943300814088,0.9717792848177933,0.0006660435571026638,0.8444728561440312,0.00863130584653504,0.16412995049697401,0.004008435930822934,0.5661151263679608,0.0048726004310327324,2.0,1.5811388300841898,0.1459127767710015,0.01757044067365695,,,,,,,,,,,,
234,xgboost,bank_marketing,0.9081233369573247,0.003729123069791903,0.5456316421730684,0.019192226991542917,0.9362846271825601,0.0025845865825047058,0.19594865017867566,0.00442799807779878,0.7476185620938113,0.009121824391485943,2.0,1.5811388300841898,0.41548161378595977,0.03510779694821638,,,,,,,,,,,,
235,xgboost,california_housing,,,,,,,,,,,2.0,1.5811388300841898,1.0156838856026298,0.1022330215235468,0.2649809518896853,0.005205733232564814,0.16043257450862827,0.004696057037556652,0.7189949941551795,0.011079953310940381,,,,,,
236,xgboost,cardiovascular_disease,0.7372321428571429,0.003379319797817056,0.7254387680737526,0.0050320485847803525,0.8043181024869854,0.002606616203802046,0.5378358936039407,0.0029293609756613666,0.4769189740073518,0.006608746928117926,2.0,1.5811388300841898,0.1547784401991521,0.02639062073062565,,,,,,,,,,,,
237,xgboost,covertype,0.9201874999999999,0.0018519415487536167,,,,,0.2135401278001891,0.0075965069592392525,,,2.0,1.5811388300841898,8.63525126159998,0.9772001554738989,,,,,,,0.8709432389591644,0.005499271979606466,0.9195900974023127,0.0019050859993491888,0.985523531601632,0.0010328893545726763
238,xgboost,credit_g,0.735,0.032052203512395225,0.8249472532196371,0.026266481605574276,0.7864583333333333,0.06601247755532114,0.5130111311639911,0.04047089386624032,0.4833333333333333,0.09745830988444686,2.0,1.5811388300841898,0.015985294431447982,0.005730695416475671,,,,,,,,,,,,
239,xgboost,give_me_some_credit,0.9350125,0.001763563508921651,0.09099232565359085,0.10197729376882557,0.8649310112553247,0.005603812360429969,0.1858409971455442,0.006110505980706318,0.5762944937487261,0.013697282712634205,2.0,1.5811388300841898,0.18643460217863322,0.05975797303144407,,,,,,,,,,,,
240,xgboost,helena,0.37656274536789525,0.004674105413060594,,,,,2.5917592835214878,0.014576842379531722,,,2.0,1.5811388300841898,151.36658175599297,0.3851062148930486,,,,,,,0.2290918037596747,0.006595033977570782,0.3497187336586719,0.004558394176120062,0.9007484952407422,0.0018076492373592205
241,xgboost,higgs,0.7308006119326874,0.001790712881123785,0.7470142784774839,0.0020497117915556106,0.8120362280373857,0.00239542371991583,0.5250298961893599,0.0028261963011094867,0.4641572581388223,0.0039619737236702155,2.0,1.5811388300841898,5.3347719796118325,0.6100967062044487,,,,,,,,,,,,
242,xgboost,jannis,0.7255395934480032,0.002794047670590185,,,,,0.6759427531054071,0.005316302201624484,,,2.0,1.5811388300841898,34.240542544808704,0.25241782616977104,,,,,,,0.5580704542730859,0.00991179019468242,0.7201010702388851,0.002276508890677408,0.8788210596233166,0.0024450648610112647
243,xgboost,kin8nm,,,,,,,,,,,2.0,1.5811388300841898,1.077167895587627,0.025883048134381904,0.10906752518808069,0.0032781397780470376,0.08471343218430696,0.002522081483682531,0.828566640343421,0.002774810443406854,,,,,,
244,xgboost,magictelescope,0.8642990654205608,0.008251336186878852,0.8598485591965576,0.00767812109626038,0.9355241505808367,0.002992269694701311,0.31804858021188853,0.007041405600458515,0.7338317757009346,0.013836826559492855,2.0,1.5811388300841898,0.32095554277766497,0.04503884110980813,,,,,,,,,,,,
245,xgboost,phoneme,0.9014565938771142,0.005148827580503376,0.8309322311413568,0.00850715360993928,0.9601414958065444,0.0067230934566105795,0.2351416110379166,0.01742354948715333,0.7991332085519839,0.00957282216942173,2.0,1.5811388300841898,0.25754283543210477,0.06324826568148337,,,,,,,,,,,,
246,xgboost,superconduct,,,,,,,,,,,2.0,1.5811388300841898,1.3287650400074198,0.04521623050248485,0.8393682664032335,0.010420090201942267,0.617517144098338,0.005855827528610676,0.18634049420107557,0.012312501778643561,,,,,,
247,xgboost,telco_customer_churn,0.8058248923169546,0.013859015222713,0.5628445603353294,0.03727952898001447,0.8502902999249142,0.01273799201238168,0.4187542151780967,0.012239809555094421,0.5548079113638232,0.027771558165171937,2.0,1.5811388300841898,0.025715821201447397,0.003912694650520266,,,,,,,,,,,,
248,xgboost,wine_quality,,,,,,,,,,,2.0,1.5811388300841898,1.2408069723984227,0.15099265536284068,0.607239950839671,0.02598478108893933,0.4173688338576375,0.019729400897017215,0.5189513126137035,0.02681680354644969,,,,,,
249,xgboost,year_prediction,,,,,,,,,,,2.0,1.5811388300841898,59.185074814397375,0.29418205639059863,8.840285337631965,0.1164733637200858,6.169847195434571,0.0603018950097237,0.3419937882238006,0.009794400031896518,,,,,,
