dataset,task_type,model,family,train_size,n_train,n_val,n_test,seed,fit_time_s,roc_auc,ks,log_loss,accuracy,rmse,mae,r2
adult,binary,xgboost,gbdt,500,450,50,9769,0,0.21,0.869819,0.563657,0.515515,0.760672,,,
adult,binary,xgboost,gbdt,2000,1800,200,9769,0,0.015,0.898517,0.630426,0.493633,0.760672,,,
adult,binary,xgboost,gbdt,39073,35165,3908,9769,0,0.205,0.930865,0.696945,0.271738,0.877879,,,
adult,binary,tabm,deep_learning,500,450,50,9769,0,2.01,0.894837,0.619407,0.347957,0.840721,,,
adult,binary,tabm,deep_learning,2000,1800,200,9769,0,2.711,0.902525,0.637258,0.323612,0.849933,,,
adult,binary,tabm,deep_learning,39073,35165,3908,9769,0,46.49,0.915926,0.66195,0.300292,0.862934,,,
adult,binary,tabpfn,foundation_model,500,450,50,9769,0,0.625,0.893887,0.619135,0.334999,0.841437,,,
adult,binary,tabpfn,foundation_model,2000,1800,200,9769,0,0.128,0.907751,0.646281,0.312719,0.85413,,,
adult,binary,tabpfn,foundation_model,39073,35165,3908,9769,0,1.464,0.921567,0.672177,0.290881,0.869485,,,
give_me_some_credit,binary,xgboost,gbdt,500,450,50,20000,0,0.183,0.5,0.0,0.245414,0.93315,,,
give_me_some_credit,binary,xgboost,gbdt,500,450,50,20000,1,0.005,0.5,0.0,0.245414,0.93315,,,
give_me_some_credit,binary,xgboost,gbdt,500,450,50,20000,2,0.005,0.5,0.0,0.245414,0.93315,,,
give_me_some_credit,binary,xgboost,gbdt,1000,900,100,20000,0,0.01,0.788236,0.476901,0.223463,0.93315,,,
give_me_some_credit,binary,xgboost,gbdt,1000,900,100,20000,1,0.007,0.765123,0.471985,0.242685,0.93315,,,
give_me_some_credit,binary,xgboost,gbdt,1000,900,100,20000,2,0.015,0.784555,0.477524,0.215647,0.93315,,,
give_me_some_credit,binary,xgboost,gbdt,2000,1800,200,20000,0,0.009,0.815634,0.507306,0.240558,0.93315,,,
give_me_some_credit,binary,xgboost,gbdt,2000,1800,200,20000,1,0.017,0.816809,0.502161,0.212218,0.93315,,,
give_me_some_credit,binary,xgboost,gbdt,2000,1800,200,20000,2,0.02,0.821691,0.512898,0.212111,0.93315,,,
give_me_some_credit,binary,xgboost,gbdt,4000,3600,400,20000,0,0.026,0.849295,0.538269,0.199604,0.93315,,,
give_me_some_credit,binary,xgboost,gbdt,4000,3600,400,20000,1,0.038,0.851796,0.5432,0.189348,0.9347,,,
give_me_some_credit,binary,xgboost,gbdt,4000,3600,400,20000,2,0.051,0.853199,0.541697,0.189087,0.93405,,,
give_me_some_credit,binary,xgboost,gbdt,8000,7200,800,20000,0,0.019,0.849264,0.541931,0.239332,0.93315,,,
give_me_some_credit,binary,xgboost,gbdt,8000,7200,800,20000,1,0.04,0.851656,0.544418,0.196563,0.93315,,,
give_me_some_credit,binary,xgboost,gbdt,8000,7200,800,20000,2,0.023,0.848583,0.549925,0.225878,0.93315,,,
give_me_some_credit,binary,xgboost,gbdt,16000,14400,1600,20000,0,0.049,0.857336,0.55518,0.196016,0.93315,,,
give_me_some_credit,binary,xgboost,gbdt,16000,14400,1600,20000,1,0.037,0.854062,0.550429,0.209403,0.93315,,,
give_me_some_credit,binary,xgboost,gbdt,16000,14400,1600,20000,2,0.036,0.856005,0.552886,0.215264,0.93315,,,
give_me_some_credit,binary,xgboost,gbdt,32000,28800,3200,20000,0,0.077,0.860738,0.560515,0.217163,0.93315,,,
give_me_some_credit,binary,xgboost,gbdt,32000,28800,3200,20000,1,0.136,0.860335,0.554001,0.181929,0.9364,,,
give_me_some_credit,binary,xgboost,gbdt,32000,28800,3200,20000,2,0.118,0.860197,0.557518,0.183973,0.93655,,,
give_me_some_credit,binary,xgboost,gbdt,64000,57600,6400,20000,0,0.212,0.86437,0.563366,0.180326,0.9372,,,
give_me_some_credit,binary,xgboost,gbdt,64000,57600,6400,20000,1,0.117,0.86311,0.561873,0.191534,0.9339,,,
give_me_some_credit,binary,xgboost,gbdt,64000,57600,6400,20000,2,0.076,0.860285,0.561164,0.208683,0.93315,,,
give_me_some_credit,binary,xgboost,gbdt,80000,72000,8000,20000,0,0.309,0.864542,0.567019,0.179326,0.93675,,,
give_me_some_credit,binary,xgboost,gbdt,80000,72000,8000,20000,1,0.125,0.862649,0.567013,0.193432,0.93355,,,
give_me_some_credit,binary,xgboost,gbdt,80000,72000,8000,20000,2,0.172,0.863644,0.566802,0.185276,0.9359,,,
give_me_some_credit,binary,catboost,gbdt,500,450,50,20000,0,0.088,0.836336,0.527477,0.554328,0.93475,,,
give_me_some_credit,binary,catboost,gbdt,500,450,50,20000,1,0.043,0.82308,0.493838,0.484844,0.93315,,,
give_me_some_credit,binary,catboost,gbdt,500,450,50,20000,2,0.046,0.831007,0.513951,0.361841,0.933,,,
give_me_some_credit,binary,catboost,gbdt,1000,900,100,20000,0,0.037,0.835418,0.519422,0.595049,0.9344,,,
give_me_some_credit,binary,catboost,gbdt,1000,900,100,20000,1,0.036,0.774581,0.427627,0.639482,0.93355,,,
give_me_some_credit,binary,catboost,gbdt,1000,900,100,20000,2,0.052,0.839851,0.522865,0.349218,0.933,,,
give_me_some_credit,binary,catboost,gbdt,2000,1800,200,20000,0,0.104,0.852206,0.54171,0.222478,0.93535,,,
give_me_some_credit,binary,catboost,gbdt,2000,1800,200,20000,1,0.061,0.851887,0.546037,0.369485,0.93315,,,
give_me_some_credit,binary,catboost,gbdt,2000,1800,200,20000,2,0.044,0.83045,0.511274,0.524238,0.93275,,,
give_me_some_credit,binary,catboost,gbdt,4000,3600,400,20000,0,0.111,0.856315,0.547597,0.244405,0.93525,,,
give_me_some_credit,binary,catboost,gbdt,4000,3600,400,20000,1,0.105,0.856558,0.55116,0.260547,0.93395,,,
give_me_some_credit,binary,catboost,gbdt,4000,3600,400,20000,2,0.077,0.850333,0.539886,0.348859,0.93315,,,
give_me_some_credit,binary,catboost,gbdt,8000,7200,800,20000,0,0.403,0.857175,0.551285,0.183435,0.93605,,,
give_me_some_credit,binary,catboost,gbdt,8000,7200,800,20000,1,0.149,0.853624,0.549204,0.242891,0.9355,,,
give_me_some_credit,binary,catboost,gbdt,8000,7200,800,20000,2,0.319,0.857272,0.552298,0.187487,0.93465,,,
give_me_some_credit,binary,catboost,gbdt,16000,14400,1600,20000,0,0.741,0.858979,0.553055,0.181441,0.93675,,,
give_me_some_credit,binary,catboost,gbdt,16000,14400,1600,20000,1,1.117,0.859059,0.554175,0.181382,0.93725,,,
give_me_some_credit,binary,catboost,gbdt,16000,14400,1600,20000,2,0.173,0.852875,0.546757,0.296351,0.93375,,,
give_me_some_credit,binary,catboost,gbdt,32000,28800,3200,20000,0,0.243,0.854831,0.547087,0.243903,0.93605,,,
give_me_some_credit,binary,catboost,gbdt,32000,28800,3200,20000,1,2.054,0.860544,0.555643,0.180529,0.9371,,,
give_me_some_credit,binary,catboost,gbdt,32000,28800,3200,20000,2,1.682,0.861414,0.55524,0.17974,0.937,,,
give_me_some_credit,binary,catboost,gbdt,64000,57600,6400,20000,0,1.846,0.863153,0.561365,0.179262,0.9373,,,
give_me_some_credit,binary,catboost,gbdt,64000,57600,6400,20000,1,1.25,0.861786,0.556286,0.179968,0.93725,,,
give_me_some_credit,binary,catboost,gbdt,64000,57600,6400,20000,2,1.703,0.862268,0.557218,0.179596,0.93735,,,
give_me_some_credit,binary,catboost,gbdt,80000,72000,8000,20000,0,4.03,0.864472,0.565924,0.178964,0.93725,,,
give_me_some_credit,binary,catboost,gbdt,80000,72000,8000,20000,1,1.27,0.86168,0.558661,0.180073,0.93715,,,
give_me_some_credit,binary,catboost,gbdt,80000,72000,8000,20000,2,3.302,0.86453,0.563173,0.178772,0.93735,,,
give_me_some_credit,binary,tabm,deep_learning,500,450,50,20000,0,0.41,0.291507,0.323612,0.33803,0.93315,,,
give_me_some_credit,binary,tabm,deep_learning,500,450,50,20000,1,0.974,0.797216,0.485193,0.224862,0.93395,,,
give_me_some_credit,binary,tabm,deep_learning,500,450,50,20000,2,0.586,0.697713,0.275156,0.233266,0.933,,,
give_me_some_credit,binary,tabm,deep_learning,1000,900,100,20000,0,1.696,0.787053,0.439692,0.21821,0.93425,,,
give_me_some_credit,binary,tabm,deep_learning,1000,900,100,20000,1,1.717,0.738805,0.370525,0.223957,0.93335,,,
give_me_some_credit,binary,tabm,deep_learning,1000,900,100,20000,2,2.834,0.789569,0.456723,0.216233,0.93415,,,
give_me_some_credit,binary,tabm,deep_learning,2000,1800,200,20000,0,3.871,0.803696,0.465722,0.198362,0.935,,,
give_me_some_credit,binary,tabm,deep_learning,2000,1800,200,20000,1,3.137,0.778102,0.426221,0.207373,0.9357,,,
give_me_some_credit,binary,tabm,deep_learning,2000,1800,200,20000,2,1.655,0.793008,0.444989,0.213767,0.9342,,,
give_me_some_credit,binary,tabm,deep_learning,4000,3600,400,20000,0,6.347,0.812902,0.48536,0.196107,0.93445,,,
give_me_some_credit,binary,tabm,deep_learning,4000,3600,400,20000,1,7.056,0.800555,0.465023,0.200925,0.93305,,,
give_me_some_credit,binary,tabm,deep_learning,4000,3600,400,20000,2,5.764,0.809271,0.495489,0.195109,0.93395,,,
give_me_some_credit,binary,tabm,deep_learning,8000,7200,800,20000,0,8.827,0.819029,0.495895,0.193189,0.93445,,,
give_me_some_credit,binary,tabm,deep_learning,8000,7200,800,20000,1,6.628,0.815789,0.49559,0.195098,0.9342,,,
give_me_some_credit,binary,tabm,deep_learning,8000,7200,800,20000,2,5.953,0.807202,0.480403,0.196291,0.9339,,,
give_me_some_credit,binary,tabm,deep_learning,16000,14400,1600,20000,0,11.573,0.820031,0.5035,0.192335,0.935,,,
give_me_some_credit,binary,tabm,deep_learning,16000,14400,1600,20000,1,20.046,0.820192,0.501711,0.192554,0.9351,,,
give_me_some_credit,binary,tabm,deep_learning,16000,14400,1600,20000,2,11.338,0.81851,0.500802,0.192833,0.9354,,,
give_me_some_credit,binary,tabm,deep_learning,32000,28800,3200,20000,0,18.676,0.823182,0.505841,0.19162,0.9353,,,
give_me_some_credit,binary,tabm,deep_learning,32000,28800,3200,20000,1,33.807,0.821607,0.504771,0.191723,0.93535,,,
give_me_some_credit,binary,tabm,deep_learning,32000,28800,3200,20000,2,19.341,0.82346,0.506656,0.191578,0.93515,,,
give_me_some_credit,binary,tabm,deep_learning,64000,57600,6400,20000,0,42.272,0.826316,0.506794,0.191074,0.9346,,,
give_me_some_credit,binary,tabm,deep_learning,64000,57600,6400,20000,1,56.73,0.826946,0.507656,0.190403,0.9354,,,
give_me_some_credit,binary,tabm,deep_learning,64000,57600,6400,20000,2,56.016,0.827323,0.50803,0.190731,0.93565,,,
give_me_some_credit,binary,tabm,deep_learning,80000,72000,8000,20000,0,80.573,0.826935,0.511383,0.190515,0.9355,,,
give_me_some_credit,binary,tabm,deep_learning,80000,72000,8000,20000,1,73.154,0.827613,0.510489,0.190222,0.93545,,,
give_me_some_credit,binary,tabm,deep_learning,80000,72000,8000,20000,2,55.402,0.826822,0.509544,0.19032,0.9353,,,
give_me_some_credit,binary,realmlp,deep_learning,500,450,50,20000,0,1.251,0.790829,0.480929,0.226842,0.9325,,,
give_me_some_credit,binary,realmlp,deep_learning,500,450,50,20000,1,0.917,0.629021,0.233432,0.651304,0.9268,,,
give_me_some_credit,binary,realmlp,deep_learning,500,450,50,20000,2,0.94,0.694143,0.306058,0.588525,0.9128,,,
give_me_some_credit,binary,realmlp,deep_learning,1000,900,100,20000,0,1.931,0.743086,0.378783,0.46743,0.92325,,,
give_me_some_credit,binary,realmlp,deep_learning,1000,900,100,20000,1,0.498,0.716951,0.368849,0.297571,0.9242,,,
give_me_some_credit,binary,realmlp,deep_learning,1000,900,100,20000,2,1.922,0.695655,0.321661,0.648535,0.9138,,,
give_me_some_credit,binary,realmlp,deep_learning,2000,1800,200,20000,0,2.605,0.776279,0.431768,0.249018,0.92615,,,
give_me_some_credit,binary,realmlp,deep_learning,2000,1800,200,20000,1,0.685,0.539441,0.065533,0.319751,0.9074,,,
give_me_some_credit,binary,realmlp,deep_learning,2000,1800,200,20000,2,2.535,0.807008,0.472148,0.21861,0.9344,,,
give_me_some_credit,binary,realmlp,deep_learning,4000,3600,400,20000,0,1.765,0.822025,0.485952,0.206559,0.9345,,,
give_me_some_credit,binary,realmlp,deep_learning,4000,3600,400,20000,1,6.148,0.758118,0.392139,0.309972,0.93035,,,
give_me_some_credit,binary,realmlp,deep_learning,4000,3600,400,20000,2,3.284,0.839942,0.523336,0.188982,0.93565,,,
give_me_some_credit,binary,realmlp,deep_learning,8000,7200,800,20000,0,11.909,0.799198,0.47956,0.224886,0.93095,,,
give_me_some_credit,binary,realmlp,deep_learning,8000,7200,800,20000,1,6.097,0.848069,0.538293,0.188134,0.9347,,,
give_me_some_credit,binary,realmlp,deep_learning,8000,7200,800,20000,2,7.596,0.821421,0.513342,0.198588,0.9338,,,
give_me_some_credit,binary,realmlp,deep_learning,16000,14400,1600,20000,0,17.796,0.83847,0.526784,0.194972,0.93485,,,
give_me_some_credit,binary,realmlp,deep_learning,16000,14400,1600,20000,1,13.731,0.85406,0.552972,0.18863,0.9372,,,
give_me_some_credit,binary,realmlp,deep_learning,16000,14400,1600,20000,2,27.538,0.800752,0.477705,0.212829,0.93435,,,
give_me_some_credit,binary,realmlp,deep_learning,32000,28800,3200,20000,0,56.949,0.842299,0.550665,0.18969,0.9358,,,
give_me_some_credit,binary,realmlp,deep_learning,32000,28800,3200,20000,1,41.037,0.860001,0.563809,0.189808,0.9364,,,
give_me_some_credit,binary,realmlp,deep_learning,32000,28800,3200,20000,2,20.855,0.861161,0.562149,0.18106,0.93655,,,
give_me_some_credit,binary,realmlp,deep_learning,64000,57600,6400,20000,0,23.146,0.857211,0.550503,0.186426,0.93615,,,
give_me_some_credit,binary,realmlp,deep_learning,64000,57600,6400,20000,1,111.288,0.86112,0.560726,0.179915,0.93655,,,
give_me_some_credit,binary,realmlp,deep_learning,64000,57600,6400,20000,2,110.865,0.857378,0.55138,0.181058,0.9359,,,
give_me_some_credit,binary,realmlp,deep_learning,80000,72000,8000,20000,0,51.009,0.861458,0.560201,0.182149,0.9358,,,
give_me_some_credit,binary,realmlp,deep_learning,80000,72000,8000,20000,1,62.276,0.861746,0.559129,0.182218,0.93595,,,
give_me_some_credit,binary,realmlp,deep_learning,80000,72000,8000,20000,2,35.898,0.861549,0.5554,0.182459,0.9358,,,
give_me_some_credit,binary,ft_transformer,deep_learning,500,450,50,20000,0,0.448,0.783595,0.482329,0.21803,0.933,,,
give_me_some_credit,binary,ft_transformer,deep_learning,500,450,50,20000,1,0.974,0.695134,0.360433,0.238103,0.92905,,,
give_me_some_credit,binary,ft_transformer,deep_learning,500,450,50,20000,2,0.591,0.688559,0.27748,0.23584,0.933,,,
give_me_some_credit,binary,ft_transformer,deep_learning,1000,900,100,20000,0,0.943,0.778077,0.423482,0.209859,0.93375,,,
give_me_some_credit,binary,ft_transformer,deep_learning,1000,900,100,20000,1,1.402,0.779825,0.437591,0.209399,0.92745,,,
give_me_some_credit,binary,ft_transformer,deep_learning,1000,900,100,20000,2,2.025,0.805429,0.495379,0.205676,0.9309,,,
give_me_some_credit,binary,ft_transformer,deep_learning,2000,1800,200,20000,0,4.657,0.792234,0.464243,0.209088,0.93005,,,
give_me_some_credit,binary,ft_transformer,deep_learning,2000,1800,200,20000,1,2.398,0.799459,0.476564,0.200855,0.92915,,,
give_me_some_credit,binary,ft_transformer,deep_learning,2000,1800,200,20000,2,2.802,0.817287,0.501351,0.19589,0.93435,,,
give_me_some_credit,binary,ft_transformer,deep_learning,4000,3600,400,20000,0,5.76,0.817842,0.505684,0.19712,0.93445,,,
give_me_some_credit,binary,ft_transformer,deep_learning,4000,3600,400,20000,1,3.115,0.814856,0.490695,0.199361,0.9346,,,
give_me_some_credit,binary,ft_transformer,deep_learning,4000,3600,400,20000,2,4.252,0.817274,0.497991,0.195901,0.93315,,,
give_me_some_credit,binary,ft_transformer,deep_learning,8000,7200,800,20000,0,8.773,0.820398,0.49789,0.196629,0.93485,,,
give_me_some_credit,binary,ft_transformer,deep_learning,8000,7200,800,20000,1,18.87,0.799726,0.468848,0.202885,0.9335,,,
give_me_some_credit,binary,ft_transformer,deep_learning,8000,7200,800,20000,2,7.982,0.816245,0.506516,0.195376,0.93465,,,
give_me_some_credit,binary,ft_transformer,deep_learning,16000,14400,1600,20000,0,13.78,0.822414,0.506159,0.193793,0.9348,,,
give_me_some_credit,binary,ft_transformer,deep_learning,16000,14400,1600,20000,1,10.868,0.82315,0.50421,0.193104,0.936,,,
give_me_some_credit,binary,ft_transformer,deep_learning,16000,14400,1600,20000,2,15.431,0.82425,0.500036,0.191724,0.9353,,,
give_me_some_credit,binary,ft_transformer,deep_learning,32000,28800,3200,20000,0,22.532,0.825828,0.510524,0.192547,0.93535,,,
give_me_some_credit,binary,ft_transformer,deep_learning,32000,28800,3200,20000,1,16.237,0.824226,0.513256,0.19102,0.9363,,,
give_me_some_credit,binary,ft_transformer,deep_learning,32000,28800,3200,20000,2,20.272,0.826412,0.509598,0.190564,0.93565,,,
give_me_some_credit,binary,ft_transformer,deep_learning,64000,57600,6400,20000,0,52.052,0.826648,0.508481,0.191567,0.93545,,,
give_me_some_credit,binary,ft_transformer,deep_learning,64000,57600,6400,20000,1,60.996,0.826667,0.51454,0.190946,0.93545,,,
give_me_some_credit,binary,ft_transformer,deep_learning,64000,57600,6400,20000,2,65.317,0.82789,0.509077,0.190885,0.9347,,,
give_me_some_credit,binary,ft_transformer,deep_learning,80000,72000,8000,20000,0,95.307,0.828675,0.510474,0.190716,0.93545,,,
give_me_some_credit,binary,ft_transformer,deep_learning,80000,72000,8000,20000,1,132.217,0.82695,0.513119,0.191688,0.9346,,,
give_me_some_credit,binary,ft_transformer,deep_learning,80000,72000,8000,20000,2,112.341,0.826963,0.507291,0.191092,0.9355,,,
give_me_some_credit,binary,tabpfn,foundation_model,500,450,50,20000,0,0.594,0.839513,0.535231,0.193225,0.93165,,,
give_me_some_credit,binary,tabpfn,foundation_model,500,450,50,20000,1,0.075,0.844988,0.532469,0.190539,0.9345,,,
give_me_some_credit,binary,tabpfn,foundation_model,500,450,50,20000,2,0.071,0.838183,0.533112,0.19588,0.93315,,,
give_me_some_credit,binary,tabpfn,foundation_model,1000,900,100,20000,0,0.086,0.844333,0.533509,0.190024,0.9349,,,
give_me_some_credit,binary,tabpfn,foundation_model,1000,900,100,20000,1,0.086,0.845513,0.54132,0.19221,0.93225,,,
give_me_some_credit,binary,tabpfn,foundation_model,1000,900,100,20000,2,0.087,0.849894,0.540573,0.189134,0.93335,,,
give_me_some_credit,binary,tabpfn,foundation_model,2000,1800,200,20000,0,0.119,0.856246,0.548873,0.185785,0.9353,,,
give_me_some_credit,binary,tabpfn,foundation_model,2000,1800,200,20000,1,0.118,0.853467,0.542629,0.188102,0.93485,,,
give_me_some_credit,binary,tabpfn,foundation_model,2000,1800,200,20000,2,0.118,0.854209,0.551584,0.186367,0.93445,,,
give_me_some_credit,binary,tabpfn,foundation_model,4000,3600,400,20000,0,0.183,0.857486,0.553589,0.183275,0.93585,,,
give_me_some_credit,binary,tabpfn,foundation_model,4000,3600,400,20000,1,0.186,0.855931,0.544351,0.185936,0.936,,,
give_me_some_credit,binary,tabpfn,foundation_model,4000,3600,400,20000,2,0.184,0.854085,0.542023,0.187182,0.9341,,,
give_me_some_credit,binary,tabpfn,foundation_model,8000,7200,800,20000,0,0.315,0.856766,0.557306,0.183997,0.9352,,,
give_me_some_credit,binary,tabpfn,foundation_model,8000,7200,800,20000,1,0.31,0.857177,0.548554,0.185069,0.93655,,,
give_me_some_credit,binary,tabpfn,foundation_model,8000,7200,800,20000,2,0.313,0.854703,0.54636,0.184706,0.93525,,,
give_me_some_credit,binary,tabpfn,foundation_model,16000,14400,1600,20000,0,0.566,0.860655,0.558588,0.182307,0.9361,,,
give_me_some_credit,binary,tabpfn,foundation_model,16000,14400,1600,20000,1,0.572,0.860007,0.555734,0.182921,0.9359,,,
give_me_some_credit,binary,tabpfn,foundation_model,16000,14400,1600,20000,2,0.563,0.860591,0.558868,0.181723,0.93595,,,
give_me_some_credit,binary,tabpfn,foundation_model,32000,28800,3200,20000,0,1.085,0.861926,0.55919,0.181155,0.93625,,,
give_me_some_credit,binary,tabpfn,foundation_model,32000,28800,3200,20000,1,1.075,0.860987,0.557458,0.181633,0.9361,,,
give_me_some_credit,binary,tabpfn,foundation_model,32000,28800,3200,20000,2,1.087,0.86168,0.556283,0.180394,0.9359,,,
give_me_some_credit,binary,tabpfn,foundation_model,64000,57600,6400,20000,0,7.736,0.86273,0.559228,0.180149,0.9363,,,
give_me_some_credit,binary,tabpfn,foundation_model,64000,57600,6400,20000,1,7.715,0.863418,0.565994,0.180281,0.93695,,,
give_me_some_credit,binary,tabpfn,foundation_model,64000,57600,6400,20000,2,7.725,0.863081,0.56036,0.179781,0.9363,,,
give_me_some_credit,binary,tabpfn,foundation_model,80000,72000,8000,20000,0,7.74,0.863424,0.560969,0.179829,0.9372,,,
give_me_some_credit,binary,tabpfn,foundation_model,80000,72000,8000,20000,1,7.641,0.863539,0.566385,0.180255,0.93655,,,
give_me_some_credit,binary,tabpfn,foundation_model,80000,72000,8000,20000,2,7.679,0.863563,0.563378,0.179613,0.9362,,,
higgs,binary,xgboost,gbdt,500,450,50,19610,0,0.012,0.671742,0.249671,0.688309,0.528557,,,
higgs,binary,xgboost,gbdt,500,450,50,19610,1,0.023,0.689509,0.287365,0.67058,0.605558,,,
higgs,binary,xgboost,gbdt,500,450,50,19610,2,0.024,0.696099,0.294195,0.657326,0.62769,,,
higgs,binary,xgboost,gbdt,1000,900,100,19610,0,0.061,0.72974,0.330913,0.634895,0.660734,,,
higgs,binary,xgboost,gbdt,1000,900,100,19610,1,0.08,0.720771,0.329801,0.620792,0.657726,,,
higgs,binary,xgboost,gbdt,1000,900,100,19610,2,0.077,0.733765,0.344073,0.613985,0.667517,,,
higgs,binary,xgboost,gbdt,2000,1800,200,19610,0,0.044,0.738821,0.351021,0.665919,0.622794,,,
higgs,binary,xgboost,gbdt,2000,1800,200,19610,1,0.035,0.731706,0.344647,0.681088,0.547425,,,
higgs,binary,xgboost,gbdt,2000,1800,200,19610,2,0.044,0.728369,0.324804,0.66778,0.625242,,,
higgs,binary,xgboost,gbdt,4000,3600,400,19610,0,0.44,0.767137,0.393575,0.573728,0.695614,,,
higgs,binary,xgboost,gbdt,4000,3600,400,19610,1,0.059,0.743942,0.360079,0.676581,0.567466,,,
higgs,binary,xgboost,gbdt,4000,3600,400,19610,2,0.153,0.759359,0.377257,0.617486,0.685926,,,
higgs,binary,xgboost,gbdt,8000,7200,800,19610,0,0.154,0.766745,0.390949,0.641849,0.68613,,,
higgs,binary,xgboost,gbdt,8000,7200,800,19610,1,0.486,0.775462,0.4126,0.570887,0.703519,,,
higgs,binary,xgboost,gbdt,8000,7200,800,19610,2,0.442,0.777753,0.410247,0.572714,0.703621,,,
higgs,binary,xgboost,gbdt,16000,14400,1600,19610,0,1.013,0.786715,0.425688,0.558361,0.711219,,,
higgs,binary,xgboost,gbdt,16000,14400,1600,19610,1,1.55,0.791812,0.432187,0.548214,0.715553,,,
higgs,binary,xgboost,gbdt,16000,14400,1600,19610,2,1.084,0.788919,0.430151,0.552841,0.71591,,,
higgs,binary,xgboost,gbdt,32000,28800,3200,19610,0,2.748,0.802348,0.451336,0.5368,0.725497,,,
higgs,binary,xgboost,gbdt,32000,28800,3200,19610,1,0.296,0.77926,0.41168,0.666175,0.633554,,,
higgs,binary,xgboost,gbdt,32000,28800,3200,19610,2,1.839,0.798529,0.444866,0.542427,0.721112,,,
higgs,binary,xgboost,gbdt,64000,57600,6400,19610,0,4.876,0.809134,0.460782,0.528901,0.730648,,,
higgs,binary,xgboost,gbdt,64000,57600,6400,19610,1,6.066,0.809188,0.460539,0.528476,0.729526,,,
higgs,binary,xgboost,gbdt,64000,57600,6400,19610,2,7.235,0.810542,0.464955,0.526976,0.73024,,,
higgs,binary,xgboost,gbdt,78440,70596,7844,19610,0,7.908,0.812731,0.4667,0.524483,0.733809,,,
higgs,binary,xgboost,gbdt,78440,70596,7844,19610,1,9.039,0.81218,0.46411,0.524715,0.730291,,,
higgs,binary,xgboost,gbdt,78440,70596,7844,19610,2,7.049,0.811394,0.464064,0.526011,0.730444,,,
higgs,binary,catboost,gbdt,500,450,50,19610,0,0.164,0.622657,0.180812,0.685424,0.588577,,,
higgs,binary,catboost,gbdt,500,450,50,19610,1,0.295,0.682725,0.274947,0.662389,0.630648,,,
higgs,binary,catboost,gbdt,500,450,50,19610,2,0.133,0.65109,0.233309,0.686954,0.607292,,,
higgs,binary,catboost,gbdt,1000,900,100,19610,0,0.189,0.703102,0.297753,0.66898,0.642325,,,
higgs,binary,catboost,gbdt,1000,900,100,19610,1,0.646,0.716732,0.330403,0.620268,0.654003,,,
higgs,binary,catboost,gbdt,1000,900,100,19610,2,0.219,0.710108,0.311372,0.649457,0.651402,,,
higgs,binary,catboost,gbdt,2000,1800,200,19610,0,0.406,0.739527,0.353535,0.616364,0.672769,,,
higgs,binary,catboost,gbdt,2000,1800,200,19610,1,0.542,0.73938,0.357487,0.605435,0.669862,,,
higgs,binary,catboost,gbdt,2000,1800,200,19610,2,0.465,0.744324,0.35753,0.603122,0.678735,,,
higgs,binary,catboost,gbdt,4000,3600,400,19610,0,0.759,0.760917,0.381513,0.58556,0.690209,,,
higgs,binary,catboost,gbdt,4000,3600,400,19610,1,1.193,0.760862,0.382045,0.57976,0.691076,,,
higgs,binary,catboost,gbdt,4000,3600,400,19610,2,1.376,0.765623,0.388985,0.57602,0.694391,,,
higgs,binary,catboost,gbdt,8000,7200,800,19610,0,2.353,0.778495,0.4074,0.56252,0.700918,,,
higgs,binary,catboost,gbdt,8000,7200,800,19610,1,1.085,0.77415,0.401203,0.569513,0.699388,,,
higgs,binary,catboost,gbdt,8000,7200,800,19610,2,0.793,0.772475,0.400016,0.574832,0.699082,,,
higgs,binary,catboost,gbdt,16000,14400,1600,19610,0,2.887,0.787233,0.423217,0.554944,0.711321,,,
higgs,binary,catboost,gbdt,16000,14400,1600,19610,1,5.126,0.790888,0.429157,0.548841,0.714227,,,
higgs,binary,catboost,gbdt,16000,14400,1600,19610,2,2.416,0.786786,0.42721,0.555718,0.712596,,,
higgs,binary,catboost,gbdt,32000,28800,3200,19610,0,5.835,0.801028,0.447047,0.539177,0.723406,,,
higgs,binary,catboost,gbdt,32000,28800,3200,19610,1,4.408,0.796982,0.438337,0.543085,0.719021,,,
higgs,binary,catboost,gbdt,32000,28800,3200,19610,2,3.8,0.796298,0.442209,0.54495,0.717185,,,
higgs,binary,catboost,gbdt,64000,57600,6400,19610,0,9.912,0.809216,0.462467,0.52918,0.72973,,,
higgs,binary,catboost,gbdt,64000,57600,6400,19610,1,10.592,0.808708,0.458618,0.529498,0.72718,,,
higgs,binary,catboost,gbdt,64000,57600,6400,19610,2,11.472,0.809527,0.462199,0.528763,0.729016,,,
higgs,binary,catboost,gbdt,78440,70596,7844,19610,0,11.997,0.811494,0.462641,0.526337,0.730138,,,
higgs,binary,catboost,gbdt,78440,70596,7844,19610,1,11.705,0.811586,0.464376,0.526446,0.731973,,,
higgs,binary,catboost,gbdt,78440,70596,7844,19610,2,11.178,0.810879,0.463007,0.527512,0.729373,,,
higgs,binary,tabm,deep_learning,500,450,50,19610,0,0.347,0.593833,0.149191,0.679354,0.578837,,,
higgs,binary,tabm,deep_learning,500,450,50,19610,1,0.611,0.63016,0.187988,0.664624,0.593728,,,
higgs,binary,tabm,deep_learning,500,450,50,19610,2,0.397,0.559047,0.092134,0.686151,0.545742,,,
higgs,binary,tabm,deep_learning,1000,900,100,19610,0,1.553,0.684116,0.266234,0.648878,0.634676,,,
higgs,binary,tabm,deep_learning,1000,900,100,19610,1,1.097,0.702493,0.297319,0.6247,0.648088,,,
higgs,binary,tabm,deep_learning,1000,900,100,19610,2,1.153,0.722803,0.343506,0.61846,0.670984,,,
higgs,binary,tabm,deep_learning,2000,1800,200,19610,0,2.131,0.702685,0.296962,0.628979,0.646915,,,
higgs,binary,tabm,deep_learning,2000,1800,200,19610,1,2.336,0.719744,0.329902,0.615655,0.664712,,,
higgs,binary,tabm,deep_learning,2000,1800,200,19610,2,3.011,0.740367,0.365486,0.600782,0.67333,,,
higgs,binary,tabm,deep_learning,4000,3600,400,19610,0,4.946,0.760434,0.389736,0.580923,0.694085,,,
higgs,binary,tabm,deep_learning,4000,3600,400,19610,1,7.575,0.762797,0.390667,0.579463,0.693116,,,
higgs,binary,tabm,deep_learning,4000,3600,400,19610,2,4.764,0.765115,0.393211,0.578408,0.693626,,,
higgs,binary,tabm,deep_learning,8000,7200,800,19610,0,9.227,0.78104,0.415559,0.560488,0.707292,,,
higgs,binary,tabm,deep_learning,8000,7200,800,19610,1,8.9,0.78074,0.422032,0.561116,0.708669,,,
higgs,binary,tabm,deep_learning,8000,7200,800,19610,2,10.313,0.786588,0.427345,0.553302,0.710658,,,
higgs,binary,tabm,deep_learning,16000,14400,1600,19610,0,18.504,0.797963,0.440272,0.54168,0.719378,,,
higgs,binary,tabm,deep_learning,16000,14400,1600,19610,1,24.913,0.799144,0.441317,0.540966,0.719939,,,
higgs,binary,tabm,deep_learning,16000,14400,1600,19610,2,16.063,0.79568,0.439742,0.543714,0.716012,,,
higgs,binary,tabm,deep_learning,32000,28800,3200,19610,0,55.044,0.811689,0.467407,0.526392,0.732585,,,
higgs,binary,tabm,deep_learning,32000,28800,3200,19610,1,41.043,0.806164,0.458902,0.53258,0.727231,,,
higgs,binary,tabm,deep_learning,32000,28800,3200,19610,2,42.145,0.808699,0.45942,0.52949,0.728506,,,
higgs,binary,tabm,deep_learning,64000,57600,6400,19610,0,95.586,0.817256,0.47269,0.51988,0.735135,,,
higgs,binary,tabm,deep_learning,64000,57600,6400,19610,1,178.795,0.820005,0.478492,0.516986,0.737736,,,
higgs,binary,tabm,deep_learning,64000,57600,6400,19610,2,137.653,0.818968,0.477323,0.517728,0.739011,,,
higgs,binary,tabm,deep_learning,78440,70596,7844,19610,0,146.628,0.820852,0.481776,0.515095,0.737685,,,
higgs,binary,tabm,deep_learning,78440,70596,7844,19610,1,221.523,0.821979,0.483617,0.513885,0.741152,,,
higgs,binary,tabm,deep_learning,78440,70596,7844,19610,2,166.654,0.820428,0.482325,0.515939,0.739878,,,
higgs,binary,realmlp,deep_learning,500,450,50,19610,0,0.209,0.595605,0.144573,0.864409,0.577409,,,
higgs,binary,realmlp,deep_learning,500,450,50,19610,1,0.759,0.610593,0.162755,0.843357,0.580622,,,
higgs,binary,realmlp,deep_learning,500,450,50,19610,2,0.753,0.590273,0.136965,0.86544,0.569097,,,
higgs,binary,realmlp,deep_learning,1000,900,100,19610,0,1.513,0.62221,0.181804,0.808274,0.587914,,,
higgs,binary,realmlp,deep_learning,1000,900,100,19610,1,1.311,0.629323,0.192605,0.82504,0.595869,,,
higgs,binary,realmlp,deep_learning,1000,900,100,19610,2,0.752,0.619997,0.179315,0.953968,0.588016,,,
higgs,binary,realmlp,deep_learning,2000,1800,200,19610,0,0.831,0.677985,0.25862,0.720168,0.633554,,,
higgs,binary,realmlp,deep_learning,2000,1800,200,19610,1,0.868,0.656296,0.22988,0.831356,0.617644,,,
higgs,binary,realmlp,deep_learning,2000,1800,200,19610,2,1.818,0.671952,0.252255,0.758325,0.626364,,,
higgs,binary,realmlp,deep_learning,4000,3600,400,19610,0,1.758,0.694517,0.286393,0.729626,0.641917,,,
higgs,binary,realmlp,deep_learning,4000,3600,400,19610,1,7.44,0.681065,0.267722,0.902077,0.631617,,,
higgs,binary,realmlp,deep_learning,4000,3600,400,19610,2,1.948,0.684634,0.277972,0.767457,0.640847,,,
higgs,binary,realmlp,deep_learning,8000,7200,800,19610,0,3.802,0.716456,0.326829,0.742362,0.664559,,,
higgs,binary,realmlp,deep_learning,8000,7200,800,19610,1,3.231,0.743351,0.361785,0.601389,0.678072,,,
higgs,binary,realmlp,deep_learning,8000,7200,800,19610,2,3.47,0.759743,0.382163,0.591659,0.68562,,,
higgs,binary,realmlp,deep_learning,16000,14400,1600,19610,0,7.181,0.780408,0.415269,0.56175,0.706068,,,
higgs,binary,realmlp,deep_learning,16000,14400,1600,19610,1,7.448,0.791186,0.431638,0.551104,0.713463,,,
higgs,binary,realmlp,deep_learning,16000,14400,1600,19610,2,6.654,0.784004,0.422736,0.558233,0.709893,,,
higgs,binary,realmlp,deep_learning,32000,28800,3200,19610,0,15.432,0.802793,0.455839,0.538299,0.723559,,,
higgs,binary,realmlp,deep_learning,32000,28800,3200,19610,1,15.428,0.797184,0.438952,0.543523,0.719327,,,
higgs,binary,realmlp,deep_learning,32000,28800,3200,19610,2,16.841,0.800505,0.4485,0.540351,0.722743,,,
higgs,binary,realmlp,deep_learning,64000,57600,6400,19610,0,32.0,0.812451,0.469029,0.528764,0.732228,,,
higgs,binary,realmlp,deep_learning,64000,57600,6400,19610,1,32.886,0.810973,0.467361,0.528558,0.73386,,,
higgs,binary,realmlp,deep_learning,64000,57600,6400,19610,2,30.899,0.808331,0.455533,0.532607,0.726619,,,
higgs,binary,realmlp,deep_learning,78440,70596,7844,19610,0,42.062,0.812287,0.465111,0.526547,0.731973,,,
higgs,binary,realmlp,deep_learning,78440,70596,7844,19610,1,73.795,0.813015,0.469509,0.525904,0.734268,,,
higgs,binary,realmlp,deep_learning,78440,70596,7844,19610,2,41.107,0.81446,0.473413,0.524537,0.734829,,,
higgs,binary,ft_transformer,deep_learning,500,450,50,19610,0,0.654,0.651802,0.216712,0.705363,0.610046,,,
higgs,binary,ft_transformer,deep_learning,500,450,50,19610,1,0.832,0.680408,0.275232,0.681659,0.638348,,,
higgs,binary,ft_transformer,deep_learning,500,450,50,19610,2,0.521,0.636222,0.196448,0.664623,0.596532,,,
higgs,binary,ft_transformer,deep_learning,1000,900,100,19610,0,1.315,0.696999,0.292254,0.665695,0.644926,,,
higgs,binary,ft_transformer,deep_learning,1000,900,100,19610,1,1.131,0.702464,0.296287,0.637767,0.645538,,,
higgs,binary,ft_transformer,deep_learning,1000,900,100,19610,2,1.366,0.73418,0.350537,0.618212,0.671596,,,
higgs,binary,ft_transformer,deep_learning,2000,1800,200,19610,0,2.774,0.720374,0.327776,0.622351,0.662621,,,
higgs,binary,ft_transformer,deep_learning,2000,1800,200,19610,1,4.102,0.723373,0.334129,0.646575,0.663335,,,
higgs,binary,ft_transformer,deep_learning,2000,1800,200,19610,2,4.697,0.741204,0.348034,0.661867,0.667466,,,
higgs,binary,ft_transformer,deep_learning,4000,3600,400,19610,0,4.505,0.750369,0.369694,0.593473,0.680622,,,
higgs,binary,ft_transformer,deep_learning,4000,3600,400,19610,1,5.348,0.761156,0.383543,0.586881,0.688016,,,
higgs,binary,ft_transformer,deep_learning,4000,3600,400,19610,2,5.7,0.758577,0.374839,0.585364,0.687098,,,
higgs,binary,ft_transformer,deep_learning,8000,7200,800,19610,0,10.195,0.77263,0.401659,0.57388,0.698419,,,
higgs,binary,ft_transformer,deep_learning,8000,7200,800,19610,1,9.895,0.769714,0.396205,0.589094,0.69179,,,
higgs,binary,ft_transformer,deep_learning,8000,7200,800,19610,2,8.219,0.771197,0.396462,0.57673,0.690923,,,
higgs,binary,ft_transformer,deep_learning,16000,14400,1600,19610,0,16.204,0.782485,0.41285,0.560287,0.707853,,,
higgs,binary,ft_transformer,deep_learning,16000,14400,1600,19610,1,15.065,0.781208,0.415246,0.561178,0.707292,,,
higgs,binary,ft_transformer,deep_learning,16000,14400,1600,19610,2,16.758,0.784757,0.421774,0.556829,0.708873,,,
higgs,binary,ft_transformer,deep_learning,32000,28800,3200,19610,0,34.414,0.800898,0.439648,0.545454,0.720602,,,
higgs,binary,ft_transformer,deep_learning,32000,28800,3200,19610,1,34.451,0.798219,0.439295,0.544452,0.718868,,,
higgs,binary,ft_transformer,deep_learning,32000,28800,3200,19610,2,33.383,0.794694,0.433655,0.545166,0.714992,,,
higgs,binary,ft_transformer,deep_learning,64000,57600,6400,19610,0,71.138,0.810475,0.460566,0.528894,0.73024,,,
higgs,binary,ft_transformer,deep_learning,64000,57600,6400,19610,1,68.872,0.805958,0.454791,0.53415,0.725446,,,
higgs,binary,ft_transformer,deep_learning,64000,57600,6400,19610,2,68.886,0.80912,0.461687,0.531067,0.729322,,,
higgs,binary,ft_transformer,deep_learning,78440,70596,7844,19610,0,92.746,0.815414,0.471205,0.526748,0.735288,,,
higgs,binary,ft_transformer,deep_learning,78440,70596,7844,19610,1,92.599,0.809927,0.459639,0.531804,0.726211,,,
higgs,binary,ft_transformer,deep_learning,78440,70596,7844,19610,2,78.997,0.808014,0.461951,0.53335,0.725803,,,
higgs,binary,tabpfn,foundation_model,500,450,50,19610,0,0.424,0.718092,0.3213,0.616224,0.661346,,,
higgs,binary,tabpfn,foundation_model,500,450,50,19610,1,0.095,0.727564,0.331765,0.609332,0.664712,,,
higgs,binary,tabpfn,foundation_model,500,450,50,19610,2,0.087,0.731626,0.331885,0.604938,0.662264,,,
higgs,binary,tabpfn,foundation_model,1000,900,100,19610,0,0.106,0.748808,0.366524,0.590735,0.67588,,,
higgs,binary,tabpfn,foundation_model,1000,900,100,19610,1,0.109,0.751167,0.381618,0.58849,0.686283,,,
higgs,binary,tabpfn,foundation_model,1000,900,100,19610,2,0.107,0.761346,0.389695,0.577536,0.694238,,,
higgs,binary,tabpfn,foundation_model,2000,1800,200,19610,0,0.148,0.771075,0.40325,0.569035,0.698674,,,
higgs,binary,tabpfn,foundation_model,2000,1800,200,19610,1,0.146,0.770131,0.398454,0.570256,0.697246,,,
higgs,binary,tabpfn,foundation_model,2000,1800,200,19610,2,0.146,0.776827,0.408399,0.563045,0.703213,,,
higgs,binary,tabpfn,foundation_model,4000,3600,400,19610,0,0.224,0.784882,0.422296,0.553788,0.708363,,,
higgs,binary,tabpfn,foundation_model,4000,3600,400,19610,1,0.228,0.783719,0.417516,0.55712,0.70668,,,
higgs,binary,tabpfn,foundation_model,4000,3600,400,19610,2,0.234,0.786851,0.427226,0.55236,0.713514,,,
higgs,binary,tabpfn,foundation_model,8000,7200,800,19610,0,0.383,0.795508,0.438488,0.543386,0.718103,,,
higgs,binary,tabpfn,foundation_model,8000,7200,800,19610,1,0.38,0.796233,0.437604,0.543925,0.716777,,,
higgs,binary,tabpfn,foundation_model,8000,7200,800,19610,2,0.38,0.796339,0.436213,0.543173,0.716165,,,
higgs,binary,tabpfn,foundation_model,16000,14400,1600,19610,0,0.691,0.80435,0.452887,0.534453,0.725038,,,
higgs,binary,tabpfn,foundation_model,16000,14400,1600,19610,1,0.691,0.803736,0.449055,0.536013,0.722743,,,
higgs,binary,tabpfn,foundation_model,16000,14400,1600,19610,2,0.693,0.803995,0.450651,0.535022,0.726364,,,
higgs,binary,tabpfn,foundation_model,32000,28800,3200,19610,0,1.423,0.808727,0.462652,0.52968,0.728863,,,
higgs,binary,tabpfn,foundation_model,32000,28800,3200,19610,1,1.422,0.807706,0.458898,0.531622,0.72922,,,
higgs,binary,tabpfn,foundation_model,32000,28800,3200,19610,2,1.418,0.808077,0.457269,0.529977,0.727537,,,
adult,binary,xgboost,gbdt,500,450,50,9769,1,0.236,0.882557,0.600678,0.378189,0.828335,,,
adult,binary,xgboost,gbdt,500,450,50,9769,2,0.024,0.885959,0.597819,0.358482,0.842768,,,
adult,binary,xgboost,gbdt,1000,900,100,9769,0,0.014,0.898012,0.624022,0.423181,0.791176,,,
adult,binary,xgboost,gbdt,1000,900,100,9769,1,0.014,0.892469,0.613681,0.436703,0.771215,,,
adult,binary,xgboost,gbdt,1000,900,100,9769,2,0.017,0.895652,0.619497,0.448821,0.760672,,,
adult,binary,xgboost,gbdt,2000,1800,200,9769,1,0.02,0.904238,0.641944,0.421042,0.787491,,,
adult,binary,xgboost,gbdt,2000,1800,200,9769,2,0.019,0.897097,0.630852,0.51341,0.760672,,,
adult,binary,xgboost,gbdt,4000,3600,400,9769,0,0.11,0.911821,0.650138,0.311731,0.861808,,,
adult,binary,xgboost,gbdt,4000,3600,400,9769,1,0.037,0.913406,0.658222,0.331634,0.859453,,,
adult,binary,xgboost,gbdt,4000,3600,400,9769,2,0.075,0.916075,0.664398,0.298781,0.864674,,,
adult,binary,xgboost,gbdt,8000,7200,800,9769,0,0.052,0.917263,0.668132,0.323863,0.867028,,,
adult,binary,xgboost,gbdt,8000,7200,800,9769,1,0.084,0.921551,0.677095,0.290017,0.869792,,,
adult,binary,xgboost,gbdt,8000,7200,800,9769,2,0.077,0.921385,0.669728,0.303313,0.871225,,,
adult,binary,xgboost,gbdt,16000,14400,1600,9769,0,0.185,0.925697,0.683949,0.281662,0.871635,,,
adult,binary,xgboost,gbdt,16000,14400,1600,9769,1,0.13,0.926124,0.688932,0.281399,0.873477,,,
adult,binary,xgboost,gbdt,16000,14400,1600,9769,2,0.143,0.927134,0.687091,0.27959,0.87358,,,
adult,binary,xgboost,gbdt,32000,28800,3200,9769,0,0.186,0.930232,0.695727,0.273654,0.876753,,,
adult,binary,xgboost,gbdt,32000,28800,3200,9769,1,0.182,0.929397,0.694084,0.275134,0.87706,,,
adult,binary,xgboost,gbdt,32000,28800,3200,9769,2,0.209,0.929242,0.69085,0.275288,0.875115,,,
adult,binary,xgboost,gbdt,39073,35165,3908,9769,1,0.262,0.929751,0.694516,0.273785,0.874808,,,
adult,binary,xgboost,gbdt,39073,35165,3908,9769,2,0.247,0.930176,0.694945,0.273125,0.875729,,,
adult,binary,catboost,gbdt,500,450,50,9769,0,0.11,0.866486,0.563673,0.417445,0.805507,,,
adult,binary,catboost,gbdt,500,450,50,9769,1,0.039,0.851869,0.536049,0.55263,0.7749,,,
adult,binary,catboost,gbdt,500,450,50,9769,2,0.039,0.84288,0.545078,0.564013,0.765278,,,
adult,binary,catboost,gbdt,1000,900,100,9769,0,0.039,0.841541,0.541936,0.618699,0.789129,,,
adult,binary,catboost,gbdt,1000,900,100,9769,1,0.042,0.863136,0.558237,0.574631,0.762616,,,
adult,binary,catboost,gbdt,1000,900,100,9769,2,0.186,0.892034,0.609914,0.349182,0.847477,,,
adult,binary,catboost,gbdt,2000,1800,200,9769,0,0.508,0.906691,0.641352,0.314328,0.852083,,,
adult,binary,catboost,gbdt,2000,1800,200,9769,1,0.35,0.905561,0.638427,0.319672,0.855564,,,
adult,binary,catboost,gbdt,2000,1800,200,9769,2,0.083,0.883483,0.593611,0.412016,0.839288,,,
adult,binary,catboost,gbdt,4000,3600,400,9769,0,0.548,0.909097,0.647511,0.310883,0.856894,,,
adult,binary,catboost,gbdt,4000,3600,400,9769,1,1.055,0.917577,0.665944,0.296257,0.863855,,,
adult,binary,catboost,gbdt,4000,3600,400,9769,2,0.793,0.915856,0.656128,0.300198,0.8658,,,
adult,binary,catboost,gbdt,8000,7200,800,9769,0,1.469,0.920667,0.671477,0.290612,0.870304,,,
adult,binary,catboost,gbdt,8000,7200,800,9769,1,1.558,0.923084,0.679935,0.287202,0.869383,,,
adult,binary,catboost,gbdt,8000,7200,800,9769,2,1.354,0.92264,0.677658,0.287873,0.872863,,,
adult,binary,catboost,gbdt,16000,14400,1600,9769,0,2.168,0.92551,0.683986,0.282548,0.875218,,,
adult,binary,catboost,gbdt,16000,14400,1600,9769,1,2.214,0.926023,0.684654,0.282572,0.87358,,,
adult,binary,catboost,gbdt,16000,14400,1600,9769,2,2.325,0.927281,0.684982,0.280758,0.874603,,,
adult,binary,catboost,gbdt,32000,28800,3200,9769,0,3.969,0.928412,0.69164,0.277281,0.877879,,,
adult,binary,catboost,gbdt,32000,28800,3200,9769,1,4.086,0.92886,0.689389,0.276918,0.876139,,,
adult,binary,catboost,gbdt,32000,28800,3200,9769,2,3.391,0.928091,0.686977,0.278183,0.875422,,,
adult,binary,catboost,gbdt,39073,35165,3908,9769,0,7.021,0.929977,0.69274,0.274356,0.878493,,,
adult,binary,catboost,gbdt,39073,35165,3908,9769,1,6.092,0.930144,0.692792,0.274013,0.876446,,,
adult,binary,catboost,gbdt,39073,35165,3908,9769,2,6.598,0.930015,0.692772,0.274256,0.877162,,,
adult,binary,tabm,deep_learning,500,450,50,9769,1,1.708,0.896477,0.633399,0.338034,0.842666,,,
adult,binary,tabm,deep_learning,500,450,50,9769,2,1.517,0.891677,0.616526,0.340399,0.84717,,,
adult,binary,tabm,deep_learning,1000,900,100,9769,0,1.566,0.897103,0.618018,0.331105,0.847989,,,
adult,binary,tabm,deep_learning,1000,900,100,9769,1,1.86,0.903555,0.643558,0.324099,0.851878,,,
adult,binary,tabm,deep_learning,1000,900,100,9769,2,2.343,0.899595,0.631192,0.330727,0.848807,,,
adult,binary,tabm,deep_learning,2000,1800,200,9769,1,3.713,0.907614,0.643688,0.317454,0.854949,,,
adult,binary,tabm,deep_learning,2000,1800,200,9769,2,3.569,0.902826,0.634283,0.324153,0.852288,,,
adult,binary,tabm,deep_learning,4000,3600,400,9769,0,5.433,0.907707,0.653632,0.314155,0.854335,,,
adult,binary,tabm,deep_learning,4000,3600,400,9769,1,5.92,0.908616,0.650192,0.315155,0.85628,,,
adult,binary,tabm,deep_learning,4000,3600,400,9769,2,7.692,0.907209,0.646593,0.317844,0.855052,,,
adult,binary,tabm,deep_learning,8000,7200,800,9769,0,7.531,0.911052,0.656872,0.30932,0.856997,,,
adult,binary,tabm,deep_learning,8000,7200,800,9769,1,11.715,0.911614,0.656024,0.308763,0.856178,,,
adult,binary,tabm,deep_learning,8000,7200,800,9769,2,13.397,0.912423,0.654345,0.307973,0.860579,,,
adult,binary,tabm,deep_learning,16000,14400,1600,9769,0,23.908,0.913708,0.6604,0.304661,0.859044,,,
adult,binary,tabm,deep_learning,16000,14400,1600,9769,1,17.055,0.912774,0.658227,0.30653,0.859556,,,
adult,binary,tabm,deep_learning,16000,14400,1600,9769,2,22.321,0.913384,0.657866,0.306069,0.858327,,,
adult,binary,tabm,deep_learning,32000,28800,3200,9769,0,38.711,0.915079,0.662565,0.301716,0.86191,,,
adult,binary,tabm,deep_learning,32000,28800,3200,9769,1,36.497,0.915585,0.664177,0.301261,0.863753,,,
adult,binary,tabm,deep_learning,32000,28800,3200,9769,2,42.168,0.915444,0.661692,0.301212,0.86232,,,
adult,binary,tabm,deep_learning,39073,35165,3908,9769,1,47.332,0.916013,0.661789,0.300721,0.862729,,,
adult,binary,tabm,deep_learning,39073,35165,3908,9769,2,56.36,0.916395,0.663735,0.299877,0.862422,,,
adult,binary,realmlp,deep_learning,500,450,50,9769,0,1.585,0.768961,0.505133,0.548287,0.802641,,,
adult,binary,realmlp,deep_learning,500,450,50,9769,1,0.412,0.695679,0.290517,1.165967,0.698741,,,
adult,binary,realmlp,deep_learning,500,450,50,9769,2,1.225,0.80238,0.51409,0.568427,0.797011,,,
adult,binary,realmlp,deep_learning,1000,900,100,9769,0,1.108,0.886016,0.612564,0.414194,0.825366,,,
adult,binary,realmlp,deep_learning,1000,900,100,9769,1,2.775,0.860958,0.557456,0.388189,0.822397,,,
adult,binary,realmlp,deep_learning,1000,900,100,9769,2,2.752,0.830937,0.497419,0.428931,0.802334,,,
adult,binary,realmlp,deep_learning,2000,1800,200,9769,0,4.013,0.893524,0.623863,0.396435,0.837138,,,
adult,binary,realmlp,deep_learning,2000,1800,200,9769,1,5.491,0.890753,0.614269,0.352883,0.841642,,,
adult,binary,realmlp,deep_learning,2000,1800,200,9769,2,1.419,0.897507,0.629493,0.353982,0.836626,,,
adult,binary,realmlp,deep_learning,4000,3600,400,9769,0,6.236,0.903509,0.643184,0.338813,0.850855,,,
adult,binary,realmlp,deep_learning,4000,3600,400,9769,1,3.28,0.904439,0.639429,0.332411,0.850957,,,
adult,binary,realmlp,deep_learning,4000,3600,400,9769,2,5.644,0.903319,0.642381,0.342896,0.850445,,,
adult,binary,realmlp,deep_learning,8000,7200,800,9769,0,21.179,0.910029,0.65517,0.336127,0.860375,,,
adult,binary,realmlp,deep_learning,8000,7200,800,9769,1,21.144,0.904648,0.643775,0.342848,0.851776,,,
adult,binary,realmlp,deep_learning,8000,7200,800,9769,2,20.977,0.909463,0.653777,0.317778,0.856894,,,
adult,binary,realmlp,deep_learning,16000,14400,1600,9769,0,41.605,0.911674,0.664768,0.314554,0.858737,,,
adult,binary,realmlp,deep_learning,16000,14400,1600,9769,1,41.895,0.912741,0.655574,0.338512,0.854745,,,
adult,binary,realmlp,deep_learning,16000,14400,1600,9769,2,41.647,0.914966,0.661418,0.317297,0.863446,,,
adult,binary,realmlp,deep_learning,32000,28800,3200,9769,0,83.13,0.913854,0.655504,0.322196,0.861091,,,
adult,binary,realmlp,deep_learning,32000,28800,3200,9769,1,82.96,0.918521,0.669795,0.312453,0.865083,,,
adult,binary,realmlp,deep_learning,32000,28800,3200,9769,2,83.393,0.914576,0.659991,0.323707,0.863241,,,
adult,binary,realmlp,deep_learning,39073,35165,3908,9769,0,101.677,0.920539,0.67487,0.306436,0.867745,,,
adult,binary,realmlp,deep_learning,39073,35165,3908,9769,1,101.335,0.918602,0.668296,0.314806,0.866312,,,
adult,binary,realmlp,deep_learning,39073,35165,3908,9769,2,101.38,0.921418,0.674168,0.310505,0.870099,,,
adult,binary,ft_transformer,deep_learning,500,450,50,9769,0,2.549,0.893699,0.611965,0.362945,0.84113,,,
adult,binary,ft_transformer,deep_learning,500,450,50,9769,1,3.38,0.886056,0.613017,0.400861,0.817791,,,
adult,binary,ft_transformer,deep_learning,500,450,50,9769,2,1.716,0.875476,0.573715,0.37126,0.835295,,,
adult,binary,ft_transformer,deep_learning,1000,900,100,9769,0,2.901,0.873394,0.570949,0.38907,0.822602,,,
adult,binary,ft_transformer,deep_learning,1000,900,100,9769,1,4.062,0.892622,0.614439,0.348451,0.834988,,,
adult,binary,ft_transformer,deep_learning,1000,900,100,9769,2,5.619,0.896152,0.620102,0.337113,0.84676,,,
adult,binary,ft_transformer,deep_learning,2000,1800,200,9769,0,12.187,0.90663,0.64435,0.317419,0.852288,,,
adult,binary,ft_transformer,deep_learning,2000,1800,200,9769,1,11.001,0.903099,0.634851,0.327904,0.852697,,,
adult,binary,ft_transformer,deep_learning,2000,1800,200,9769,2,19.353,0.904329,0.639883,0.323656,0.853311,,,
adult,binary,ft_transformer,deep_learning,4000,3600,400,9769,0,20.948,0.908459,0.645126,0.311662,0.858737,,,
adult,binary,ft_transformer,deep_learning,4000,3600,400,9769,1,29.205,0.910374,0.650671,0.312391,0.855973,,,
adult,binary,ft_transformer,deep_learning,4000,3600,400,9769,2,14.351,0.907921,0.649739,0.316874,0.856792,,,
adult,binary,ft_transformer,deep_learning,8000,7200,800,9769,0,30.109,0.91308,0.658736,0.305248,0.862012,,,
adult,binary,ft_transformer,deep_learning,8000,7200,800,9769,1,69.526,0.912937,0.665225,0.311297,0.855564,,,
adult,binary,ft_transformer,deep_learning,8000,7200,800,9769,2,53.376,0.914152,0.660794,0.307177,0.860272,,,
adult,binary,ft_transformer,deep_learning,16000,14400,1600,9769,0,67.861,0.915341,0.659645,0.302134,0.864469,,,
adult,binary,ft_transformer,deep_learning,16000,14400,1600,9769,1,90.251,0.914822,0.663834,0.304132,0.859658,,,
adult,binary,ft_transformer,deep_learning,16000,14400,1600,9769,2,103.155,0.914902,0.659841,0.302593,0.859249,,,
adult,binary,ft_transformer,deep_learning,32000,28800,3200,9769,0,196.623,0.918002,0.672342,0.298798,0.866107,,,
adult,binary,ft_transformer,deep_learning,32000,28800,3200,9769,1,174.001,0.917502,0.665494,0.298799,0.862934,,,
adult,binary,ft_transformer,deep_learning,32000,28800,3200,9769,2,176.926,0.916959,0.661935,0.299494,0.863957,,,
adult,binary,ft_transformer,deep_learning,39073,35165,3908,9769,0,304.884,0.916424,0.66459,0.301909,0.863446,,,
adult,binary,ft_transformer,deep_learning,39073,35165,3908,9769,1,238.379,0.918008,0.66881,0.298334,0.865288,,,
adult,binary,ft_transformer,deep_learning,39073,35165,3908,9769,2,273.525,0.918131,0.668894,0.298377,0.863753,,,
adult,binary,tabpfn,foundation_model,500,450,50,9769,1,0.619,0.897084,0.630212,0.332542,0.843484,,,
adult,binary,tabpfn,foundation_model,500,450,50,9769,2,0.086,0.894782,0.62198,0.33832,0.847681,,,
adult,binary,tabpfn,foundation_model,1000,900,100,9769,0,0.101,0.901922,0.624843,0.321848,0.85065,,,
adult,binary,tabpfn,foundation_model,1000,900,100,9769,1,0.101,0.905257,0.638482,0.320808,0.851162,,,
adult,binary,tabpfn,foundation_model,1000,900,100,9769,2,0.102,0.903955,0.636235,0.321123,0.851059,,,
adult,binary,tabpfn,foundation_model,2000,1800,200,9769,1,0.132,0.909631,0.655463,0.312523,0.855154,,,
adult,binary,tabpfn,foundation_model,2000,1800,200,9769,2,0.132,0.908267,0.644972,0.311814,0.857099,,,
adult,binary,tabpfn,foundation_model,4000,3600,400,9769,0,0.203,0.912266,0.655045,0.30578,0.858327,,,
adult,binary,tabpfn,foundation_model,4000,3600,400,9769,1,0.199,0.913683,0.661873,0.303766,0.859556,,,
adult,binary,tabpfn,foundation_model,4000,3600,400,9769,2,0.197,0.911586,0.654171,0.306825,0.858327,,,
adult,binary,tabpfn,foundation_model,8000,7200,800,9769,0,0.348,0.916248,0.664344,0.299152,0.863343,,,
adult,binary,tabpfn,foundation_model,8000,7200,800,9769,1,0.333,0.916948,0.669219,0.298099,0.862217,,,
adult,binary,tabpfn,foundation_model,8000,7200,800,9769,2,0.332,0.916029,0.66559,0.30018,0.862422,,,
adult,binary,tabpfn,foundation_model,16000,14400,1600,9769,0,0.597,0.918013,0.671102,0.296381,0.8658,,,
adult,binary,tabpfn,foundation_model,16000,14400,1600,9769,1,0.603,0.918168,0.666576,0.295971,0.864162,,,
adult,binary,tabpfn,foundation_model,16000,14400,1600,9769,2,0.602,0.919164,0.669901,0.2947,0.866414,,,
adult,binary,tabpfn,foundation_model,32000,28800,3200,9769,0,1.129,0.920791,0.670231,0.291774,0.868461,,,
adult,binary,tabpfn,foundation_model,32000,28800,3200,9769,1,1.154,0.920764,0.672376,0.292105,0.867745,,,
adult,binary,tabpfn,foundation_model,32000,28800,3200,9769,2,1.115,0.921076,0.673629,0.291139,0.868359,,,
adult,binary,tabpfn,foundation_model,39073,35165,3908,9769,1,1.47,0.921646,0.670155,0.290534,0.869997,,,
adult,binary,tabpfn,foundation_model,39073,35165,3908,9769,2,1.548,0.921692,0.674686,0.289992,0.868666,,,
jannis,multiclass,xgboost,gbdt,500,450,50,16747,0,1.218,,,0.855916,0.625425,,,
jannis,multiclass,xgboost,gbdt,500,450,50,16747,1,2.13,,,0.901991,0.606497,,,
jannis,multiclass,xgboost,gbdt,500,450,50,16747,2,1.794,,,0.886177,0.607392,,,
jannis,multiclass,xgboost,gbdt,1000,900,100,16747,0,2.092,,,0.83792,0.637547,,,
jannis,multiclass,xgboost,gbdt,1000,900,100,16747,1,1.637,,,0.841413,0.635577,,,
jannis,multiclass,xgboost,gbdt,1000,900,100,16747,2,3.036,,,0.848724,0.635039,,,
jannis,multiclass,xgboost,gbdt,2000,1800,200,16747,0,4.325,,,0.813178,0.645668,,,
jannis,multiclass,xgboost,gbdt,2000,1800,200,16747,1,2.859,,,0.819635,0.650385,,,
jannis,multiclass,xgboost,gbdt,2000,1800,200,16747,2,3.475,,,0.805854,0.657371,,,
jannis,multiclass,xgboost,gbdt,4000,3600,400,16747,0,5.766,,,0.775429,0.66603,,,
jannis,multiclass,xgboost,gbdt,4000,3600,400,16747,1,7.718,,,0.773239,0.669672,,,
jannis,multiclass,xgboost,gbdt,4000,3600,400,16747,2,8.128,,,0.768278,0.675882,,,
jannis,multiclass,xgboost,gbdt,8000,7200,800,16747,0,9.989,,,0.74796,0.685914,,,
jannis,multiclass,xgboost,gbdt,8000,7200,800,16747,1,11.515,,,0.748323,0.684063,,,
jannis,multiclass,xgboost,gbdt,8000,7200,800,16747,2,13.021,,,0.741956,0.690153,,,
jannis,multiclass,xgboost,gbdt,16000,14400,1600,16747,0,22.564,,,0.724578,0.696782,,,
jannis,multiclass,xgboost,gbdt,16000,14400,1600,16747,1,20.149,,,0.718957,0.700125,,,
jannis,multiclass,xgboost,gbdt,16000,14400,1600,16747,2,24.738,,,0.721529,0.698812,,,
jannis,multiclass,xgboost,gbdt,32000,28800,3200,16747,0,45.433,,,0.7027,0.710754,,,
jannis,multiclass,xgboost,gbdt,32000,28800,3200,16747,1,42.442,,,0.701849,0.710276,,,
jannis,multiclass,xgboost,gbdt,32000,28800,3200,16747,2,42.942,,,0.70194,0.713262,,,
jannis,multiclass,xgboost,gbdt,64000,57600,6400,16747,0,72.455,,,0.682013,0.72413,,,
jannis,multiclass,xgboost,gbdt,64000,57600,6400,16747,1,70.249,,,0.681319,0.722398,,,
jannis,multiclass,xgboost,gbdt,64000,57600,6400,16747,2,69.723,,,0.681016,0.72407,,,
jannis,multiclass,xgboost,gbdt,66986,60287,6699,16747,0,76.511,,,0.68101,0.723712,,,
jannis,multiclass,xgboost,gbdt,66986,60287,6699,16747,1,63.7,,,0.680335,0.72192,,,
jannis,multiclass,xgboost,gbdt,66986,60287,6699,16747,2,43.687,,,0.680921,0.724667,,,
jannis,multiclass,catboost,gbdt,500,450,50,16747,0,63.052,,,0.919593,0.618678,,,
jannis,multiclass,catboost,gbdt,500,450,50,16747,1,80.921,,,0.927209,0.614498,,,
jannis,multiclass,catboost,gbdt,500,450,50,16747,2,81.903,,,0.912788,0.611333,,,
jannis,multiclass,catboost,gbdt,1000,900,100,16747,0,59.139,,,0.853992,0.636412,,,
jannis,multiclass,catboost,gbdt,1000,900,100,16747,1,58.174,,,0.859958,0.636472,,,
jannis,multiclass,catboost,gbdt,1000,900,100,16747,2,81.417,,,0.858928,0.633188,,,
jannis,multiclass,catboost,gbdt,2000,1800,200,16747,0,47.405,,,0.825084,0.644295,,,
jannis,multiclass,catboost,gbdt,2000,1800,200,16747,1,33.037,,,0.828425,0.649071,,,
jannis,multiclass,catboost,gbdt,2000,1800,200,16747,2,44.473,,,0.817281,0.651639,,,
jannis,multiclass,catboost,gbdt,4000,3600,400,16747,0,37.148,,,0.789129,0.660536,,,
jannis,multiclass,catboost,gbdt,4000,3600,400,16747,1,67.959,,,0.785342,0.666269,,,
jannis,multiclass,catboost,gbdt,4000,3600,400,16747,2,45.882,,,0.782549,0.670269,,,
jannis,multiclass,catboost,gbdt,8000,7200,800,16747,0,42.527,,,0.75653,0.683466,,,
jannis,multiclass,catboost,gbdt,8000,7200,800,16747,1,40.753,,,0.755449,0.682212,,,
jannis,multiclass,catboost,gbdt,8000,7200,800,16747,2,49.872,,,0.752839,0.684361,,,
jannis,multiclass,catboost,gbdt,16000,14400,1600,16747,0,57.421,,,0.728443,0.698692,,,
jannis,multiclass,catboost,gbdt,16000,14400,1600,16747,1,54.511,,,0.726692,0.699409,,,
jannis,multiclass,catboost,gbdt,16000,14400,1600,16747,2,65.702,,,0.728375,0.699349,,,
jannis,multiclass,catboost,gbdt,32000,28800,3200,16747,0,87.171,,,0.706496,0.710933,,,
jannis,multiclass,catboost,gbdt,32000,28800,3200,16747,1,64.13,,,0.707729,0.710396,,,
jannis,multiclass,catboost,gbdt,32000,28800,3200,16747,2,72.256,,,0.705367,0.712247,,,
jannis,multiclass,catboost,gbdt,64000,57600,6400,16747,0,105.254,,,0.683645,0.724428,,,
jannis,multiclass,catboost,gbdt,64000,57600,6400,16747,1,104.35,,,0.683824,0.723055,,,
jannis,multiclass,catboost,gbdt,64000,57600,6400,16747,2,104.771,,,0.68355,0.72604,,,
jannis,multiclass,catboost,gbdt,66986,60287,6699,16747,0,105.289,,,0.683229,0.723294,,,
jannis,multiclass,catboost,gbdt,66986,60287,6699,16747,1,105.154,,,0.684357,0.724727,,,
jannis,multiclass,catboost,gbdt,66986,60287,6699,16747,2,104.621,,,0.683045,0.723831,,,
jannis,multiclass,tabm,deep_learning,500,450,50,16747,0,0.493,,,0.87581,0.618141,,,
jannis,multiclass,tabm,deep_learning,500,450,50,16747,1,0.869,,,0.909539,0.606795,,,
jannis,multiclass,tabm,deep_learning,500,450,50,16747,2,0.841,,,0.89375,0.612647,,,
jannis,multiclass,tabm,deep_learning,1000,900,100,16747,0,1.048,,,0.857507,0.62656,,,
jannis,multiclass,tabm,deep_learning,1000,900,100,16747,1,1.034,,,0.840617,0.632949,,,
jannis,multiclass,tabm,deep_learning,1000,900,100,16747,2,1.226,,,0.856503,0.63062,,,
jannis,multiclass,tabm,deep_learning,2000,1800,200,16747,0,3.032,,,0.82239,0.638443,,,
jannis,multiclass,tabm,deep_learning,2000,1800,200,16747,1,2.098,,,0.836458,0.6391,,,
jannis,multiclass,tabm,deep_learning,2000,1800,200,16747,2,4.227,,,0.812656,0.649788,,,
jannis,multiclass,tabm,deep_learning,4000,3600,400,16747,0,5.613,,,0.776563,0.666627,,,
jannis,multiclass,tabm,deep_learning,4000,3600,400,16747,1,4.864,,,0.768874,0.670747,,,
jannis,multiclass,tabm,deep_learning,4000,3600,400,16747,2,5.073,,,0.771868,0.673135,,,
jannis,multiclass,tabm,deep_learning,8000,7200,800,16747,0,8.929,,,0.742141,0.690571,,,
jannis,multiclass,tabm,deep_learning,8000,7200,800,16747,1,12.319,,,0.728269,0.691885,,,
jannis,multiclass,tabm,deep_learning,8000,7200,800,16747,2,7.51,,,0.741596,0.687586,,,
jannis,multiclass,tabm,deep_learning,16000,14400,1600,16747,0,23.771,,,0.708663,0.708545,,,
jannis,multiclass,tabm,deep_learning,16000,14400,1600,16747,1,15.755,,,0.71155,0.702633,,,
jannis,multiclass,tabm,deep_learning,16000,14400,1600,16747,2,18.516,,,0.711934,0.703589,,,
jannis,multiclass,tabm,deep_learning,32000,28800,3200,16747,0,79.317,,,0.678256,0.722398,,,
jannis,multiclass,tabm,deep_learning,32000,28800,3200,16747,1,51.791,,,0.681925,0.720069,,,
jannis,multiclass,tabm,deep_learning,32000,28800,3200,16747,2,50.213,,,0.684754,0.71995,,,
jannis,multiclass,tabm,deep_learning,64000,57600,6400,16747,0,160.334,,,0.658288,0.733146,,,
jannis,multiclass,tabm,deep_learning,64000,57600,6400,16747,1,118.143,,,0.659211,0.731355,,,
jannis,multiclass,tabm,deep_learning,64000,57600,6400,16747,2,134.223,,,0.660912,0.729205,,,
jannis,multiclass,tabm,deep_learning,66986,60287,6699,16747,0,174.371,,,0.655136,0.732071,,,
jannis,multiclass,tabm,deep_learning,66986,60287,6699,16747,1,97.896,,,0.663314,0.731176,,,
jannis,multiclass,tabm,deep_learning,66986,60287,6699,16747,2,190.815,,,0.657429,0.733027,,,
jannis,multiclass,realmlp,deep_learning,500,450,50,16747,0,0.612,,,0.942792,0.597779,,,
jannis,multiclass,realmlp,deep_learning,500,450,50,16747,1,1.161,,,2.856685,0.57885,,,
jannis,multiclass,realmlp,deep_learning,500,450,50,16747,2,0.918,,,1.121695,0.575028,,,
jannis,multiclass,realmlp,deep_learning,1000,900,100,16747,0,0.714,,,0.857814,0.6225,,,
jannis,multiclass,realmlp,deep_learning,1000,900,100,16747,1,0.735,,,0.861936,0.621962,,,
jannis,multiclass,realmlp,deep_learning,1000,900,100,16747,2,1.136,,,1.331535,0.591807,,,
jannis,multiclass,realmlp,deep_learning,2000,1800,200,16747,0,1.334,,,0.832683,0.637547,,,
jannis,multiclass,realmlp,deep_learning,2000,1800,200,16747,1,1.448,,,0.862367,0.646026,,,
jannis,multiclass,realmlp,deep_learning,2000,1800,200,16747,2,1.787,,,1.265619,0.626918,,,
jannis,multiclass,realmlp,deep_learning,4000,3600,400,16747,0,2.847,,,0.875556,0.657849,,,
jannis,multiclass,realmlp,deep_learning,4000,3600,400,16747,1,2.513,,,0.83742,0.640473,,,
jannis,multiclass,realmlp,deep_learning,4000,3600,400,16747,2,3.074,,,0.961997,0.653908,,,
jannis,multiclass,realmlp,deep_learning,8000,7200,800,16747,0,4.992,,,0.784755,0.675464,,,
jannis,multiclass,realmlp,deep_learning,8000,7200,800,16747,1,5.894,,,0.885025,0.668299,,,
jannis,multiclass,realmlp,deep_learning,8000,7200,800,16747,2,4.816,,,0.780007,0.670628,,,
jannis,multiclass,realmlp,deep_learning,16000,14400,1600,16747,0,11.536,,,0.773975,0.689138,,,
jannis,multiclass,realmlp,deep_learning,16000,14400,1600,16747,1,10.076,,,0.737714,0.691467,,,
jannis,multiclass,realmlp,deep_learning,16000,14400,1600,16747,2,10.714,,,0.748502,0.693258,,,
jannis,multiclass,realmlp,deep_learning,32000,28800,3200,16747,0,21.988,,,0.713413,0.705917,,,
jannis,multiclass,realmlp,deep_learning,32000,28800,3200,16747,1,23.527,,,0.739172,0.706395,,,
jannis,multiclass,realmlp,deep_learning,32000,28800,3200,16747,2,23.034,,,0.712531,0.710993,,,
jannis,multiclass,realmlp,deep_learning,64000,57600,6400,16747,0,48.186,,,0.688426,0.724189,,,
jannis,multiclass,realmlp,deep_learning,64000,57600,6400,16747,1,49.431,,,0.69265,0.721741,,,
jannis,multiclass,realmlp,deep_learning,64000,57600,6400,16747,2,46.669,,,0.684861,0.72001,,,
jannis,multiclass,realmlp,deep_learning,66986,60287,6699,16747,0,50.297,,,0.682568,0.723353,,,
jannis,multiclass,realmlp,deep_learning,66986,60287,6699,16747,1,51.282,,,0.687913,0.724787,,,
jannis,multiclass,realmlp,deep_learning,66986,60287,6699,16747,2,49.062,,,0.683643,0.721323,,,
jannis,multiclass,ft_transformer,deep_learning,500,450,50,16747,0,0.71,,,0.946385,0.553532,,,
jannis,multiclass,ft_transformer,deep_learning,500,450,50,16747,1,1.494,,,0.938796,0.610259,,,
jannis,multiclass,ft_transformer,deep_learning,500,450,50,16747,2,1.242,,,0.907436,0.601421,,,
jannis,multiclass,ft_transformer,deep_learning,1000,900,100,16747,0,2.417,,,0.898791,0.626679,,,
jannis,multiclass,ft_transformer,deep_learning,1000,900,100,16747,1,1.254,,,0.889937,0.614797,,,
jannis,multiclass,ft_transformer,deep_learning,1000,900,100,16747,2,2.149,,,0.880172,0.622619,,,
jannis,multiclass,ft_transformer,deep_learning,2000,1800,200,16747,0,2.812,,,0.863822,0.627038,,,
jannis,multiclass,ft_transformer,deep_learning,2000,1800,200,16747,1,3.517,,,0.848283,0.635875,,,
jannis,multiclass,ft_transformer,deep_learning,2000,1800,200,16747,2,6.653,,,0.824123,0.637547,,,
jannis,multiclass,ft_transformer,deep_learning,4000,3600,400,16747,0,8.436,,,0.800721,0.650743,,,
jannis,multiclass,ft_transformer,deep_learning,4000,3600,400,16747,1,8.102,,,0.789037,0.658088,,,
jannis,multiclass,ft_transformer,deep_learning,4000,3600,400,16747,2,6.909,,,0.802192,0.65152,,,
jannis,multiclass,ft_transformer,deep_learning,8000,7200,800,16747,0,14.677,,,0.769965,0.673374,,,
jannis,multiclass,ft_transformer,deep_learning,8000,7200,800,16747,1,15.847,,,0.76392,0.6806,,,
jannis,multiclass,ft_transformer,deep_learning,8000,7200,800,16747,2,12.65,,,0.763037,0.671583,,,
jannis,multiclass,ft_transformer,deep_learning,16000,14400,1600,16747,0,27.31,,,0.739287,0.695528,,,
jannis,multiclass,ft_transformer,deep_learning,16000,14400,1600,16747,1,26.25,,,0.737578,0.696543,,,
jannis,multiclass,ft_transformer,deep_learning,16000,14400,1600,16747,2,32.077,,,0.731784,0.695528,,,
jannis,multiclass,ft_transformer,deep_learning,32000,28800,3200,16747,0,82.96,,,0.705359,0.71362,,,
jannis,multiclass,ft_transformer,deep_learning,32000,28800,3200,16747,1,60.564,,,0.7078,0.710336,,,
jannis,multiclass,ft_transformer,deep_learning,32000,28800,3200,16747,2,67.824,,,0.705119,0.71583,,,
jannis,multiclass,ft_transformer,deep_learning,64000,57600,6400,16747,0,158.146,,,0.681807,0.725563,,,
jannis,multiclass,ft_transformer,deep_learning,64000,57600,6400,16747,1,157.73,,,0.678113,0.724906,,,
jannis,multiclass,ft_transformer,deep_learning,64000,57600,6400,16747,2,143.784,,,0.676903,0.726399,,,
jannis,multiclass,ft_transformer,deep_learning,66986,60287,6699,16747,0,168.681,,,0.68038,0.729325,,,
jannis,multiclass,ft_transformer,deep_learning,66986,60287,6699,16747,1,152.55,,,0.675972,0.727892,,,
jannis,multiclass,ft_transformer,deep_learning,66986,60287,6699,16747,2,165.64,,,0.674838,0.727175,,,
jannis,multiclass,tabpfn,foundation_model,500,450,50,16747,0,0.642,,,0.822672,0.644772,,,
jannis,multiclass,tabpfn,foundation_model,500,450,50,16747,1,0.093,,,0.821135,0.640413,,,
jannis,multiclass,tabpfn,foundation_model,500,450,50,16747,2,0.091,,,0.835106,0.636233,,,
jannis,multiclass,tabpfn,foundation_model,1000,900,100,16747,0,0.117,,,0.804569,0.659103,,,
jannis,multiclass,tabpfn,foundation_model,1000,900,100,16747,1,0.116,,,0.782779,0.663223,,,
jannis,multiclass,tabpfn,foundation_model,1000,900,100,16747,2,0.119,,,0.796176,0.665731,,,
jannis,multiclass,tabpfn,foundation_model,2000,1800,200,16747,0,0.173,,,0.765082,0.673195,,,
jannis,multiclass,tabpfn,foundation_model,2000,1800,200,16747,1,0.17,,,0.753618,0.678569,,,
jannis,multiclass,tabpfn,foundation_model,2000,1800,200,16747,2,0.17,,,0.748751,0.689855,,,
jannis,multiclass,tabpfn,foundation_model,4000,3600,400,16747,0,0.27,,,0.73244,0.69499,,,
jannis,multiclass,tabpfn,foundation_model,4000,3600,400,16747,1,0.319,,,0.72669,0.69511,,,
jannis,multiclass,tabpfn,foundation_model,4000,3600,400,16747,2,0.316,,,0.727999,0.696423,,,
jannis,multiclass,tabpfn,foundation_model,8000,7200,800,16747,0,0.553,,,0.705065,0.715651,,,
jannis,multiclass,tabpfn,foundation_model,8000,7200,800,16747,1,0.63,,,0.70406,0.710814,,,
jannis,multiclass,tabpfn,foundation_model,8000,7200,800,16747,2,0.541,,,0.703097,0.709202,,,
jannis,multiclass,tabpfn,foundation_model,16000,14400,1600,16747,0,1.008,,,0.683898,0.722159,,,
jannis,multiclass,tabpfn,foundation_model,16000,14400,1600,16747,1,0.921,,,0.680735,0.72198,,,
jannis,multiclass,tabpfn,foundation_model,16000,14400,1600,16747,2,0.912,,,0.6881,0.71989,,,
jannis,multiclass,tabpfn,foundation_model,32000,28800,3200,16747,0,1.777,,,0.671057,0.729444,,,
jannis,multiclass,tabpfn,foundation_model,32000,28800,3200,16747,1,1.835,,,0.668246,0.730817,,,
jannis,multiclass,tabpfn,foundation_model,32000,28800,3200,16747,2,1.892,,,0.6709,0.72831,,,
year_prediction,regression,xgboost,gbdt,500,450,50,20000,0,0.518,,,,,10.025427,7.254477,0.143134
year_prediction,regression,xgboost,gbdt,500,450,50,20000,1,0.492,,,,,10.039042,7.279324,0.140806
year_prediction,regression,xgboost,gbdt,500,450,50,20000,2,0.287,,,,,10.060333,7.376537,0.137157
year_prediction,regression,xgboost,gbdt,1000,900,100,20000,0,1.072,,,,,9.767645,6.975702,0.186633
year_prediction,regression,xgboost,gbdt,1000,900,100,20000,1,1.425,,,,,9.699283,7.085987,0.197978
year_prediction,regression,xgboost,gbdt,1000,900,100,20000,2,1.071,,,,,9.652319,6.975156,0.205726
year_prediction,regression,xgboost,gbdt,2000,1800,200,20000,0,2.189,,,,,9.516198,6.822095,0.22797
year_prediction,regression,xgboost,gbdt,2000,1800,200,20000,1,1.226,,,,,9.548521,6.873758,0.222717
year_prediction,regression,xgboost,gbdt,2000,1800,200,20000,2,1.868,,,,,9.431751,6.759819,0.241612
year_prediction,regression,xgboost,gbdt,4000,3600,400,20000,0,5.178,,,,,9.342723,6.667461,0.255861
year_prediction,regression,xgboost,gbdt,4000,3600,400,20000,1,5.327,,,,,9.323477,6.612035,0.258924
year_prediction,regression,xgboost,gbdt,4000,3600,400,20000,2,4.544,,,,,9.312376,6.635548,0.260688
year_prediction,regression,xgboost,gbdt,8000,7200,800,20000,0,11.056,,,,,9.161551,6.494465,0.284442
year_prediction,regression,xgboost,gbdt,8000,7200,800,20000,1,9.163,,,,,9.14868,6.484537,0.286451
year_prediction,regression,xgboost,gbdt,8000,7200,800,20000,2,9.722,,,,,9.14011,6.502593,0.287787
year_prediction,regression,xgboost,gbdt,16000,14400,1600,20000,0,20.805,,,,,8.989554,6.318111,0.311057
year_prediction,regression,xgboost,gbdt,16000,14400,1600,20000,1,28.796,,,,,8.948713,6.336937,0.317303
year_prediction,regression,xgboost,gbdt,16000,14400,1600,20000,2,19.329,,,,,9.004517,6.340335,0.308762
year_prediction,regression,xgboost,gbdt,32000,28800,3200,20000,0,34.725,,,,,8.845709,6.215567,0.332929
year_prediction,regression,xgboost,gbdt,32000,28800,3200,20000,1,23.833,,,,,8.832708,6.212483,0.334888
year_prediction,regression,xgboost,gbdt,32000,28800,3200,20000,2,25.661,,,,,8.872107,6.239056,0.328941
year_prediction,regression,xgboost,gbdt,64000,57600,6400,20000,0,58.828,,,,,8.732481,6.093396,0.349897
year_prediction,regression,xgboost,gbdt,64000,57600,6400,20000,1,59.212,,,,,8.712487,6.103592,0.352871
year_prediction,regression,xgboost,gbdt,64000,57600,6400,20000,2,51.24,,,,,8.741646,6.125965,0.348532
year_prediction,regression,xgboost,gbdt,80000,72000,8000,20000,0,62.01,,,,,8.690896,6.067454,0.356074
year_prediction,regression,xgboost,gbdt,80000,72000,8000,20000,1,62.086,,,,,8.680007,6.066555,0.357687
year_prediction,regression,xgboost,gbdt,80000,72000,8000,20000,2,61.502,,,,,8.686823,6.077278,0.356677
year_prediction,regression,catboost,gbdt,500,450,50,20000,0,9.578,,,,,10.164918,7.453649,0.119124
year_prediction,regression,catboost,gbdt,500,450,50,20000,1,7.882,,,,,10.153243,7.463028,0.121146
year_prediction,regression,catboost,gbdt,500,450,50,20000,2,4.77,,,,,10.14857,7.475066,0.121955
year_prediction,regression,catboost,gbdt,1000,900,100,20000,0,6.683,,,,,9.980732,7.208214,0.150757
year_prediction,regression,catboost,gbdt,1000,900,100,20000,1,9.962,,,,,9.829985,7.152094,0.176217
year_prediction,regression,catboost,gbdt,1000,900,100,20000,2,8.804,,,,,9.812457,7.137277,0.179153
year_prediction,regression,catboost,gbdt,2000,1800,200,20000,0,6.314,,,,,9.637846,6.919174,0.208106
year_prediction,regression,catboost,gbdt,2000,1800,200,20000,1,5.448,,,,,9.632774,6.973959,0.20894
year_prediction,regression,catboost,gbdt,2000,1800,200,20000,2,10.513,,,,,9.457824,6.781158,0.237413
year_prediction,regression,catboost,gbdt,4000,3600,400,20000,0,10.651,,,,,9.321611,6.633414,0.259221
year_prediction,regression,catboost,gbdt,4000,3600,400,20000,1,9.331,,,,,9.334142,6.616589,0.257228
year_prediction,regression,catboost,gbdt,4000,3600,400,20000,2,5.961,,,,,9.32401,6.641613,0.258839
year_prediction,regression,catboost,gbdt,8000,7200,800,20000,0,10.819,,,,,9.125447,6.442576,0.29007
year_prediction,regression,catboost,gbdt,8000,7200,800,20000,1,8.997,,,,,9.154923,6.488928,0.285477
year_prediction,regression,catboost,gbdt,8000,7200,800,20000,2,7.875,,,,,9.124932,6.47237,0.290151
year_prediction,regression,catboost,gbdt,16000,14400,1600,20000,0,10.888,,,,,8.986159,6.31011,0.311577
year_prediction,regression,catboost,gbdt,16000,14400,1600,20000,1,14.042,,,,,8.958025,6.332519,0.315881
year_prediction,regression,catboost,gbdt,16000,14400,1600,20000,2,10.598,,,,,9.009995,6.334184,0.30792
year_prediction,regression,catboost,gbdt,32000,28800,3200,20000,0,13.302,,,,,8.87641,6.232155,0.32829
year_prediction,regression,catboost,gbdt,32000,28800,3200,20000,1,15.02,,,,,8.837458,6.222692,0.334173
year_prediction,regression,catboost,gbdt,32000,28800,3200,20000,2,21.327,,,,,8.844148,6.225117,0.333164
year_prediction,regression,catboost,gbdt,64000,57600,6400,20000,0,29.594,,,,,8.745334,6.12256,0.347982
year_prediction,regression,catboost,gbdt,64000,57600,6400,20000,1,19.663,,,,,8.742302,6.132238,0.348434
year_prediction,regression,catboost,gbdt,64000,57600,6400,20000,2,24.981,,,,,8.757835,6.14782,0.346116
year_prediction,regression,catboost,gbdt,80000,72000,8000,20000,0,25.57,,,,,8.728991,6.114145,0.350416
year_prediction,regression,catboost,gbdt,80000,72000,8000,20000,1,36.264,,,,,8.704647,6.098111,0.354035
year_prediction,regression,catboost,gbdt,80000,72000,8000,20000,2,39.422,,,,,8.709144,6.109021,0.353367
year_prediction,regression,tabm,deep_learning,500,450,50,20000,0,0.643,,,,,1089.980875,1026.801928,-10127.489358
year_prediction,regression,tabm,deep_learning,500,450,50,20000,1,1.937,,,,,524.779966,373.467258,-2346.801712
year_prediction,regression,tabm,deep_learning,500,450,50,20000,2,1.764,,,,,543.072193,386.987558,-2513.328704
year_prediction,regression,tabm,deep_learning,1000,900,100,20000,0,3.056,,,,,236.016135,161.368653,-473.887032
year_prediction,regression,tabm,deep_learning,1000,900,100,20000,1,3.051,,,,,304.111231,207.267643,-787.44579
year_prediction,regression,tabm,deep_learning,1000,900,100,20000,2,3.051,,,,,316.623212,218.945354,-853.658118
year_prediction,regression,tabm,deep_learning,2000,1800,200,20000,0,5.797,,,,,82.011569,44.068211,-56.339931
year_prediction,regression,tabm,deep_learning,2000,1800,200,20000,1,6.203,,,,,92.805084,52.283409,-72.426099
year_prediction,regression,tabm,deep_learning,2000,1800,200,20000,2,6.416,,,,,77.746168,41.350752,-50.530565
year_prediction,regression,tabm,deep_learning,4000,3600,400,20000,0,12.141,,,,,30.967531,16.102817,-7.175608
year_prediction,regression,tabm,deep_learning,4000,3600,400,20000,1,12.083,,,,,40.073885,21.900178,-12.690831
year_prediction,regression,tabm,deep_learning,4000,3600,400,20000,2,10.975,,,,,37.700389,19.173579,-11.117097
year_prediction,regression,tabm,deep_learning,8000,7200,800,20000,0,23.554,,,,,11.381349,7.173603,-0.104319
year_prediction,regression,tabm,deep_learning,8000,7200,800,20000,1,24.082,,,,,12.973006,9.007658,-0.434789
year_prediction,regression,tabm,deep_learning,8000,7200,800,20000,2,23.836,,,,,13.60722,9.263631,-0.578504
year_prediction,regression,tabm,deep_learning,16000,14400,1600,20000,0,46.209,,,,,9.401238,6.434683,0.246511
year_prediction,regression,tabm,deep_learning,16000,14400,1600,20000,1,44.867,,,,,9.352114,6.681441,0.254365
year_prediction,regression,tabm,deep_learning,16000,14400,1600,20000,2,42.175,,,,,9.582084,6.563736,0.217243
year_prediction,regression,tabm,deep_learning,32000,28800,3200,20000,0,90.943,,,,,9.009528,6.435881,0.307992
year_prediction,regression,tabm,deep_learning,32000,28800,3200,20000,1,89.976,,,,,9.122578,6.27951,0.290517
year_prediction,regression,tabm,deep_learning,32000,28800,3200,20000,2,92.661,,,,,9.028131,6.331828,0.305131
year_prediction,regression,tabm,deep_learning,64000,57600,6400,20000,0,183.131,,,,,8.822531,6.105367,0.33642
year_prediction,regression,tabm,deep_learning,64000,57600,6400,20000,1,184.426,,,,,8.853185,6.173728,0.331801
year_prediction,regression,tabm,deep_learning,64000,57600,6400,20000,2,147.393,,,,,8.923385,6.284874,0.321162
year_prediction,regression,tabm,deep_learning,80000,72000,8000,20000,0,148.379,,,,,8.903549,6.239401,0.324177
year_prediction,regression,tabm,deep_learning,80000,72000,8000,20000,1,157.009,,,,,8.910581,6.187757,0.323109
year_prediction,regression,tabm,deep_learning,80000,72000,8000,20000,2,216.159,,,,,8.840131,6.272274,0.33377
year_prediction,regression,realmlp,deep_learning,500,450,50,20000,0,1.318,,,,,10.512026,7.137857,0.057937
year_prediction,regression,realmlp,deep_learning,500,450,50,20000,1,0.348,,,,,10.856781,8.452168,-0.004868
year_prediction,regression,realmlp,deep_learning,500,450,50,20000,2,0.843,,,,,10.071256,6.743833,0.135283
year_prediction,regression,realmlp,deep_learning,1000,900,100,20000,0,1.384,,,,,9.774943,6.628985,0.185417
year_prediction,regression,realmlp,deep_learning,1000,900,100,20000,1,1.366,,,,,9.5682,6.742136,0.21951
year_prediction,regression,realmlp,deep_learning,1000,900,100,20000,2,1.359,,,,,9.416031,6.401364,0.244138
year_prediction,regression,realmlp,deep_learning,2000,1800,200,20000,0,1.49,,,,,9.597139,6.539582,0.214782
year_prediction,regression,realmlp,deep_learning,2000,1800,200,20000,1,1.664,,,,,9.247696,6.340581,0.270922
year_prediction,regression,realmlp,deep_learning,2000,1800,200,20000,2,1.664,,,,,9.329474,6.31148,0.25797
year_prediction,regression,realmlp,deep_learning,4000,3600,400,20000,0,3.19,,,,,9.254003,6.373839,0.269927
year_prediction,regression,realmlp,deep_learning,4000,3600,400,20000,1,3.376,,,,,9.185458,6.495021,0.280703
year_prediction,regression,realmlp,deep_learning,4000,3600,400,20000,2,2.441,,,,,9.160144,6.313318,0.284662
year_prediction,regression,realmlp,deep_learning,8000,7200,800,20000,0,3.731,,,,,9.117698,6.647892,0.291276
year_prediction,regression,realmlp,deep_learning,8000,7200,800,20000,1,3.548,,,,,9.10245,6.224989,0.293644
year_prediction,regression,realmlp,deep_learning,8000,7200,800,20000,2,5.135,,,,,9.06582,6.492972,0.299318
year_prediction,regression,realmlp,deep_learning,16000,14400,1600,20000,0,9.689,,,,,8.895914,6.118352,0.325335
year_prediction,regression,realmlp,deep_learning,16000,14400,1600,20000,1,7.818,,,,,8.873578,6.171115,0.328719
year_prediction,regression,realmlp,deep_learning,16000,14400,1600,20000,2,9.405,,,,,8.842766,6.100376,0.333373
year_prediction,regression,realmlp,deep_learning,32000,28800,3200,20000,0,15.569,,,,,8.816024,6.010343,0.337398
year_prediction,regression,realmlp,deep_learning,32000,28800,3200,20000,1,15.326,,,,,8.760778,6.079155,0.345677
year_prediction,regression,realmlp,deep_learning,32000,28800,3200,20000,2,15.1,,,,,8.86597,5.989185,0.329869
year_prediction,regression,realmlp,deep_learning,64000,57600,6400,20000,0,34.847,,,,,8.667947,5.964465,0.35947
year_prediction,regression,realmlp,deep_learning,64000,57600,6400,20000,1,34.458,,,,,8.664061,5.909337,0.360044
year_prediction,regression,realmlp,deep_learning,64000,57600,6400,20000,2,33.109,,,,,8.670157,6.009895,0.359143
year_prediction,regression,realmlp,deep_learning,80000,72000,8000,20000,0,43.046,,,,,8.622793,5.890479,0.366126
year_prediction,regression,realmlp,deep_learning,80000,72000,8000,20000,1,44.721,,,,,8.598505,5.868793,0.369692
year_prediction,regression,realmlp,deep_learning,80000,72000,8000,20000,2,39.291,,,,,8.625716,5.866717,0.365696
year_prediction,regression,ft_transformer,deep_learning,500,450,50,20000,0,2.394,,,,,1982.446487,1982.416903,-33504.018861
year_prediction,regression,ft_transformer,deep_learning,500,450,50,20000,1,2.399,,,,,1980.336718,1980.307102,-33432.743057
year_prediction,regression,ft_transformer,deep_learning,500,450,50,20000,2,2.335,,,,,1980.730676,1980.701066,-33446.046644
year_prediction,regression,ft_transformer,deep_learning,1000,900,100,20000,0,4.39,,,,,1956.456078,1956.4261,-32631.257957
year_prediction,regression,ft_transformer,deep_learning,1000,900,100,20000,1,4.405,,,,,1954.237009,1954.206997,-32557.27505
year_prediction,regression,ft_transformer,deep_learning,1000,900,100,20000,2,4.406,,,,,1953.506453,1953.47643,-32532.936959
year_prediction,regression,ft_transformer,deep_learning,2000,1800,200,20000,0,8.803,,,,,1871.770223,1871.738889,-29867.402035
year_prediction,regression,ft_transformer,deep_learning,2000,1800,200,20000,1,8.795,,,,,1864.822424,1864.790973,-29646.07732
year_prediction,regression,ft_transformer,deep_learning,2000,1800,200,20000,2,8.788,,,,,1864.21958,1864.18812,-29626.912324
year_prediction,regression,ft_transformer,deep_learning,4000,3600,400,20000,0,16.879,,,,,1640.03945,1639.999909,-22929.604823
year_prediction,regression,ft_transformer,deep_learning,4000,3600,400,20000,1,16.906,,,,,1620.43756,1620.401365,-22384.743466
year_prediction,regression,ft_transformer,deep_learning,4000,3600,400,20000,2,16.846,,,,,1619.15356,1619.117333,-22349.281557
year_prediction,regression,ft_transformer,deep_learning,8000,7200,800,20000,0,32.975,,,,,984.420609,984.36103,-8260.678967
year_prediction,regression,ft_transformer,deep_learning,8000,7200,800,20000,1,32.971,,,,,909.442401,909.377909,-7050.1072
year_prediction,regression,ft_transformer,deep_learning,8000,7200,800,20000,2,32.979,,,,,932.502153,932.439234,-7412.215183
year_prediction,regression,ft_transformer,deep_learning,16000,14400,1600,20000,0,64.951,,,,,11.184929,9.089231,-0.066531
year_prediction,regression,ft_transformer,deep_learning,16000,14400,1600,20000,1,64.954,,,,,10.845073,8.277659,-0.002702
year_prediction,regression,ft_transformer,deep_learning,16000,14400,1600,20000,2,64.929,,,,,10.87016,8.380954,-0.007346
year_prediction,regression,ft_transformer,deep_learning,32000,28800,3200,20000,0,95.582,,,,,8.939158,6.180332,0.31876
year_prediction,regression,ft_transformer,deep_learning,32000,28800,3200,20000,1,95.53,,,,,8.867968,6.220394,0.329567
year_prediction,regression,ft_transformer,deep_learning,32000,28800,3200,20000,2,123.396,,,,,8.955161,6.098352,0.316319
year_prediction,regression,ft_transformer,deep_learning,64000,57600,6400,20000,0,177.148,,,,,8.882958,6.084683,0.327299
year_prediction,regression,ft_transformer,deep_learning,64000,57600,6400,20000,1,140.686,,,,,8.81974,6.147567,0.33684
year_prediction,regression,ft_transformer,deep_learning,64000,57600,6400,20000,2,126.651,,,,,8.887565,6.237203,0.326601
year_prediction,regression,ft_transformer,deep_learning,80000,72000,8000,20000,0,176.056,,,,,8.821912,6.062394,0.336513
year_prediction,regression,ft_transformer,deep_learning,80000,72000,8000,20000,1,195.493,,,,,8.797465,6.072399,0.340185
year_prediction,regression,ft_transformer,deep_learning,80000,72000,8000,20000,2,113.17,,,,,8.891123,6.194512,0.326062
year_prediction,regression,tabpfn,foundation_model,500,450,50,20000,0,0.516,,,,,9.423468,6.444952,0.242943
year_prediction,regression,tabpfn,foundation_model,500,450,50,20000,1,0.147,,,,,9.628402,6.583614,0.209657
year_prediction,regression,tabpfn,foundation_model,500,450,50,20000,2,0.147,,,,,9.658888,6.751266,0.204645
year_prediction,regression,tabpfn,foundation_model,1000,900,100,20000,0,0.231,,,,,9.272451,6.265385,0.267013
year_prediction,regression,tabpfn,foundation_model,1000,900,100,20000,1,0.234,,,,,9.350413,6.485966,0.254636
year_prediction,regression,tabpfn,foundation_model,1000,900,100,20000,2,0.216,,,,,9.19818,6.301573,0.278709
year_prediction,regression,tabpfn,foundation_model,2000,1800,200,20000,0,0.426,,,,,9.052406,6.180784,0.30139
year_prediction,regression,tabpfn,foundation_model,2000,1800,200,20000,1,0.392,,,,,9.083962,6.296621,0.296511
year_prediction,regression,tabpfn,foundation_model,2000,1800,200,20000,2,0.473,,,,,9.003244,6.167672,0.308957
year_prediction,regression,tabpfn,foundation_model,4000,3600,400,20000,0,0.983,,,,,8.903164,6.0933,0.324235
year_prediction,regression,tabpfn,foundation_model,4000,3600,400,20000,1,0.941,,,,,8.912262,6.070064,0.322853
year_prediction,regression,tabpfn,foundation_model,4000,3600,400,20000,2,0.874,,,,,8.86898,6.060446,0.329414
year_prediction,regression,tabpfn,foundation_model,8000,7200,800,20000,0,1.343,,,,,8.811998,5.966399,0.338003
year_prediction,regression,tabpfn,foundation_model,8000,7200,800,20000,1,1.36,,,,,8.821172,5.983364,0.336624
year_prediction,regression,tabpfn,foundation_model,8000,7200,800,20000,2,1.309,,,,,8.818295,5.988643,0.337057
year_prediction,regression,tabpfn,foundation_model,16000,14400,1600,20000,0,2.651,,,,,8.744001,5.871951,0.348181
year_prediction,regression,tabpfn,foundation_model,16000,14400,1600,20000,1,2.567,,,,,8.707975,5.893418,0.353541
year_prediction,regression,tabpfn,foundation_model,16000,14400,1600,20000,2,2.82,,,,,8.750729,5.874769,0.347177
year_prediction,regression,tabpfn,foundation_model,32000,28800,3200,20000,0,5.497,,,,,8.66352,5.814256,0.360124
year_prediction,regression,tabpfn,foundation_model,32000,28800,3200,20000,1,5.441,,,,,8.645519,5.826454,0.362781
year_prediction,regression,tabpfn,foundation_model,32000,28800,3200,20000,2,5.417,,,,,8.657218,5.823145,0.361055
