dataset,distilled,hard_ctrl,teacher,ngboost,qrf,best_classical,best_name,distilled_wins,classical_beats_hard,classical_beats_teacher
abalone,1.097864,1.154092,1.059556,1.197586,1.166714,1.166714,qrf,True,False,False
california_housing,0.108596,0.180167,0.069078,0.171904,0.083629,0.083629,qrf,False,True,False
cps88wages,160.593819,160.754094,160.409456,168.720631,186.642486,168.720631,ngboost,True,False,False
cpu_activity,1.17772,1.294314,1.060998,1.352227,1.273311,1.273311,qrf,True,True,False
diamonds_real,195.461498,192.495176,183.07341,262.790215,201.927485,201.927485,qrf,True,False,False
fifa,2892.743711,2837.461477,2794.506858,3091.595415,2990.546534,2990.546534,qrf,True,False,False
fps_benchmark,0.385505,0.465063,0.312799,10.718362,1.823602,1.823602,qrf,True,False,False
grid_stability,0.003849,0.004293,0.001685,0.008363,0.007254,0.007254,qrf,True,False,False
health_insurance,7.310996,7.272572,7.122155,8.186671,8.104484,8.104484,qrf,True,False,False
kin8nm,0.064365,0.068237,0.038013,0.105073,0.082611,0.082611,qrf,True,False,False
kings_county,48968.750108,50515.587316,43262.200193,64206.164871,55204.768925,55204.768925,qrf,True,False,False
miami_housing,31931.391649,31999.100731,27881.66481,43243.419328,36712.537239,36712.537239,qrf,True,False,False
physiochemical_protein,1.735777,1.785241,1.211989,2.787499,1.527639,1.527639,qrf,False,True,False
pumadyn32nh,0.012405,0.013022,0.012438,0.013138,0.012925,0.012925,qrf,True,True,False
sarcos,1.163189,1.269887,0.796069,3.145023,1.396017,1.396017,qrf,True,False,False
space_ga,0.059233,0.060117,0.048793,0.070258,0.065688,0.065688,qrf,True,False,False
superconduct,0.453988,0.45545,0.449723,0.47311,0.464907,0.464907,qrf,True,False,False
video_transcoding,0.29743,0.305309,0.213789,2.439864,0.402269,0.402269,qrf,True,False,False
wine_quality,0.365189,0.327709,0.289053,0.401659,0.278568,0.278568,qrf,False,True,True
year_prediction,4.427184,4.55762,4.246261,4.981214,4.639214,4.639214,qrf,True,False,False
