dataset,cell,seed,rmse,crps,picp80,time_s
abalone,teacher,0,2.05782,1.059556,0.8026,1.0
abalone,student_point_hard,0,2.307044,,,0.36
abalone,student_point_soft,0,2.116987,,,0.25
abalone,student_quant_hard,0,2.200351,1.151784,0.7392,6.33
abalone,student_quant_soft,0,2.142979,1.098398,0.7464,4.71
abalone,student_point_hard,1,2.31108,,,0.38
abalone,student_point_soft,1,2.113011,,,0.25
abalone,student_quant_hard,1,2.215776,1.154852,0.7201,6.31
abalone,student_quant_soft,1,2.143839,1.097635,0.7452,4.73
abalone,student_point_hard,2,2.314197,,,0.37
abalone,student_point_soft,2,2.120882,,,0.25
abalone,student_quant_hard,2,2.219037,1.155641,0.7344,6.27
abalone,student_quant_soft,2,2.138619,1.097558,0.7404,4.62
cpu_activity,teacher,0,2.039856,1.060998,0.8005,3.8
cpu_activity,student_point_hard,0,2.188811,,,0.65
cpu_activity,student_point_soft,0,2.250613,,,0.65
cpu_activity,student_quant_hard,0,2.546067,1.293974,0.7163,17.49
cpu_activity,student_quant_soft,0,2.233292,1.178066,0.7535,12.11
cpu_activity,student_point_hard,1,2.201056,,,0.7
cpu_activity,student_point_soft,1,2.250926,,,0.65
cpu_activity,student_quant_hard,1,2.547583,1.294974,0.7151,17.84
cpu_activity,student_quant_soft,1,2.24616,1.176868,0.7584,12.59
cpu_activity,student_point_hard,2,2.204756,,,0.71
cpu_activity,student_point_soft,2,2.262836,,,0.68
cpu_activity,student_quant_hard,2,2.542404,1.293993,0.7181,18.08
cpu_activity,student_quant_soft,2,2.247455,1.178225,0.7651,12.14
grid_stability,teacher,0,0.004445,0.001685,0.929,3.5
grid_stability,student_point_hard,0,0.007399,,,0.51
grid_stability,student_point_soft,0,0.007535,,,0.49
grid_stability,student_quant_hard,0,0.007902,0.004276,0.7385,14.93
grid_stability,student_quant_soft,0,0.007356,0.003859,0.6135,8.86
grid_stability,student_point_hard,1,0.007248,,,0.51
grid_stability,student_point_soft,1,0.007581,,,0.49
grid_stability,student_quant_hard,1,0.007928,0.004313,0.7375,14.77
grid_stability,student_quant_soft,1,0.007368,0.003844,0.6225,8.68
grid_stability,student_point_hard,2,0.007222,,,0.5
grid_stability,student_point_soft,2,0.007565,,,0.47
grid_stability,student_quant_hard,2,0.007973,0.00429,0.748,14.74
grid_stability,student_quant_soft,2,0.007396,0.003844,0.6165,8.88
miami_housing,teacher,0,73916.050276,27881.66481,0.7926,11.0
miami_housing,student_point_hard,0,80371.686866,,,0.49
miami_housing,student_point_soft,0,83933.099163,,,0.48
miami_housing,student_quant_hard,0,79966.735622,32045.38454,0.7015,19.64
miami_housing,student_quant_soft,0,84702.444922,31959.818337,0.7499,8.68
miami_housing,student_point_hard,1,80931.714587,,,0.51
miami_housing,student_point_soft,1,85331.789613,,,0.48
miami_housing,student_quant_hard,1,79910.150114,31952.318195,0.709,19.86
miami_housing,student_quant_soft,1,84277.430121,31901.692042,0.7535,8.77
miami_housing,student_point_hard,2,80030.30739,,,0.52
miami_housing,student_point_soft,2,84844.443522,,,0.48
miami_housing,student_quant_hard,2,80310.537988,31999.599457,0.713,19.72
miami_housing,student_quant_soft,2,83669.172795,31932.664568,0.756,9.03
fifa,teacher,0,8879.370273,2794.506858,0.8219,28.6
fifa,student_point_hard,0,9103.73437,,,0.79
fifa,student_point_soft,0,8899.352519,,,0.8
fifa,student_quant_hard,0,9035.152627,2837.181078,0.7591,28.48
fifa,student_quant_soft,0,9373.485327,2892.957341,0.7727,13.85
fifa,student_point_hard,1,9096.13908,,,0.81
fifa,student_point_soft,1,8899.78606,,,0.79
fifa,student_quant_hard,1,9032.887736,2837.67756,0.7568,28.44
fifa,student_quant_soft,1,9353.785057,2892.380794,0.7724,14.01
fifa,student_point_hard,2,9106.770319,,,0.84
fifa,student_point_soft,2,8900.62866,,,1.09
fifa,student_quant_hard,2,8997.183336,2837.525792,0.7539,28.96
fifa,student_quant_soft,2,9348.253948,2892.892998,0.7737,13.89
kings_county,teacher,0,110220.808634,43262.200193,0.7983,39.4
kings_county,student_point_hard,0,133892.3683,,,0.29
kings_county,student_point_soft,0,150006.203951,,,0.26
kings_county,student_quant_hard,0,123507.231571,50512.796973,0.7391,18.55
kings_county,student_quant_soft,0,123022.704036,48968.475517,0.761,4.73
kings_county,student_point_hard,1,128611.937508,,,0.27
kings_county,student_point_soft,1,148311.89461,,,0.27
kings_county,student_quant_hard,1,125483.601306,50403.01284,0.7354,18.88
kings_county,student_quant_soft,1,124961.778824,48945.530291,0.7645,4.56
kings_county,student_point_hard,2,131792.119099,,,0.26
kings_county,student_point_soft,2,145373.389955,,,0.26
kings_county,student_quant_hard,2,128269.847901,50630.952134,0.7398,18.49
kings_county,student_quant_soft,2,123507.446811,48992.244517,0.7592,4.67
health_insurance,teacher,0,14.437413,7.122155,0.8247,25.0
health_insurance,student_point_hard,0,14.396118,,,0.37
health_insurance,student_point_soft,0,14.435026,,,0.37
health_insurance,student_quant_hard,0,14.869348,7.269726,0.8211,20.12
health_insurance,student_quant_soft,0,15.35129,7.310245,0.7663,6.93
health_insurance,student_point_hard,1,14.390513,,,0.41
health_insurance,student_point_soft,1,14.434881,,,0.38
health_insurance,student_quant_hard,1,14.860739,7.272784,0.8236,20.62
health_insurance,student_quant_soft,1,15.351371,7.31165,0.7652,6.9
health_insurance,student_point_hard,2,14.401403,,,0.51
health_insurance,student_point_soft,2,14.434737,,,0.38
health_insurance,student_quant_hard,2,14.880916,7.275205,0.8209,20.06
health_insurance,student_quant_soft,2,15.346001,7.311093,0.7663,6.61
physiochemical_protein,teacher,0,2.898869,1.211989,0.796,118.0
physiochemical_protein,student_point_hard,0,3.385377,,,2.69
physiochemical_protein,student_point_soft,0,3.504279,,,2.8
physiochemical_protein,student_quant_hard,0,3.585739,1.786967,0.6869,87.75
physiochemical_protein,student_quant_soft,0,3.507498,1.735498,0.6469,51.6
physiochemical_protein,student_point_hard,1,3.385865,,,2.75
physiochemical_protein,student_point_soft,1,3.513,,,2.78
physiochemical_protein,student_quant_hard,1,3.572445,1.78456,0.6885,87.22
physiochemical_protein,student_quant_soft,1,3.515016,1.73576,0.6499,51.07
physiochemical_protein,student_point_hard,2,3.395774,,,2.75
physiochemical_protein,student_point_soft,2,3.509566,,,2.8
physiochemical_protein,student_quant_hard,2,3.573462,1.784195,0.6863,97.39
physiochemical_protein,student_quant_soft,2,3.512788,1.736073,0.6475,60.03
video_transcoding,teacher,0,1.07362,0.213789,0.9122,546.3
video_transcoding,student_point_hard,0,0.83948,,,2.33
video_transcoding,student_point_soft,0,1.654633,,,2.27
video_transcoding,student_quant_hard,0,1.324897,0.30694,0.8893,97.53
video_transcoding,student_quant_soft,0,0.95771,0.297103,0.8439,44.37
video_transcoding,student_point_hard,1,0.820756,,,2.38
video_transcoding,student_point_soft,1,1.511539,,,2.26
video_transcoding,student_quant_hard,1,1.4004,0.307649,0.8847,97.6
video_transcoding,student_quant_soft,1,0.98892,0.297787,0.8356,44.47
video_transcoding,student_point_hard,2,0.84219,,,2.39
video_transcoding,student_point_soft,2,1.552198,,,2.28
video_transcoding,student_quant_hard,2,1.265394,0.301338,0.8873,97.85
video_transcoding,student_quant_soft,2,0.986608,0.297401,0.8407,44.13
diamonds_real,teacher,0,507.441975,183.07341,0.826,192.2
diamonds_real,student_point_hard,0,526.937476,,,0.89
diamonds_real,student_point_soft,0,528.627147,,,0.91
diamonds_real,student_quant_hard,0,531.198531,192.531325,0.7827,101.86
diamonds_real,student_quant_soft,0,533.906232,195.459734,0.7373,20.37
diamonds_real,student_point_hard,1,528.184324,,,0.99
diamonds_real,student_point_soft,1,529.20505,,,1.02
diamonds_real,student_quant_hard,1,530.239403,192.476127,0.7817,99.72
diamonds_real,student_quant_soft,1,534.234736,195.468495,0.7363,17.36
diamonds_real,student_point_hard,2,527.266175,,,1.0
diamonds_real,student_point_soft,2,529.443044,,,1.0
diamonds_real,student_quant_hard,2,530.914832,192.478077,0.7809,99.15
diamonds_real,student_quant_soft,2,534.020276,195.456264,0.7341,19.1
space_ga,teacher,0,0.088676,0.048793,0.8039,0.7
space_ga,student_point_hard,0,0.107282,,,0.18
space_ga,student_point_soft,0,0.109877,,,0.18
space_ga,student_quant_hard,0,0.111905,0.059969,0.672,6.44
space_ga,student_quant_soft,0,0.11005,0.05924,0.7444,3.21
space_ga,student_point_hard,1,0.108744,,,0.19
space_ga,student_point_soft,1,0.109081,,,0.18
space_ga,student_quant_hard,1,0.112236,0.060169,0.6929,6.5
space_ga,student_quant_soft,1,0.110464,0.059275,0.7235,3.14
space_ga,student_point_hard,2,0.108284,,,0.2
space_ga,student_point_soft,2,0.109661,,,0.18
space_ga,student_quant_hard,2,0.111931,0.060212,0.6688,6.14
space_ga,student_quant_soft,2,0.110485,0.059185,0.7379,3.31
pumadyn32nh,teacher,0,0.020982,0.012438,0.7712,5.3
pumadyn32nh,student_point_hard,0,0.021486,,,0.44
pumadyn32nh,student_point_soft,0,0.020931,,,0.44
pumadyn32nh,student_quant_hard,0,0.021551,0.013027,0.7279,11.8
pumadyn32nh,student_quant_soft,0,0.020929,0.012405,0.7797,8.15
pumadyn32nh,student_point_hard,1,0.021484,,,0.45
pumadyn32nh,student_point_soft,1,0.02093,,,0.45
pumadyn32nh,student_quant_hard,1,0.021477,0.013016,0.7297,11.72
pumadyn32nh,student_quant_soft,1,0.020922,0.012405,0.7797,8.14
pumadyn32nh,student_point_hard,2,0.02149,,,0.43
pumadyn32nh,student_point_soft,2,0.020926,,,0.43
pumadyn32nh,student_quant_hard,2,0.02149,0.013022,0.7328,11.52
pumadyn32nh,student_quant_soft,2,0.020927,0.012405,0.7816,8.49
fps_benchmark,teacher,0,0.54444,0.312799,0.9801,83.4
fps_benchmark,student_point_hard,0,0.688157,,,0.3
fps_benchmark,student_point_soft,0,0.867263,,,0.28
fps_benchmark,student_quant_hard,0,0.730965,0.468631,0.9809,15.16
fps_benchmark,student_quant_soft,0,0.703622,0.38819,0.9724,5.11
fps_benchmark,student_point_hard,1,0.672166,,,0.3
fps_benchmark,student_point_soft,1,0.886858,,,0.29
fps_benchmark,student_quant_hard,1,0.732973,0.458839,0.9834,15.13
fps_benchmark,student_quant_soft,1,0.703135,0.382162,0.9689,5.12
fps_benchmark,student_point_hard,2,0.722928,,,0.31
fps_benchmark,student_point_soft,2,0.889551,,,0.28
fps_benchmark,student_quant_hard,2,0.744771,0.46772,0.9819,14.94
fps_benchmark,student_quant_soft,2,0.682652,0.386162,0.9693,5.02
cps88wages,teacher,0,363.846119,160.409456,0.789,25.8
cps88wages,student_point_hard,0,364.853361,,,0.28
cps88wages,student_point_soft,0,363.941822,,,0.27
cps88wages,student_quant_hard,0,367.396478,160.7567,0.8018,24.13
cps88wages,student_quant_soft,0,368.678528,160.597725,0.7915,5.17
cps88wages,student_point_hard,1,364.915055,,,0.29
cps88wages,student_point_soft,1,363.915391,,,0.28
cps88wages,student_quant_hard,1,367.360193,160.755464,0.7995,24.45
cps88wages,student_quant_soft,1,368.675562,160.593053,0.7912,5.17
cps88wages,student_point_hard,2,364.922166,,,0.54
cps88wages,student_point_soft,2,363.943555,,,0.28
cps88wages,student_quant_hard,2,367.248724,160.750119,0.7991,24.24
cps88wages,student_quant_soft,2,368.587627,160.590679,0.791,5.1
sarcos,teacher,0,1.691213,0.796069,0.8423,256.5
sarcos,student_point_hard,0,2.259471,,,2.0
sarcos,student_point_soft,0,2.420417,,,2.01
sarcos,student_quant_hard,0,2.617553,1.270099,0.7712,73.66
sarcos,student_quant_soft,0,2.352328,1.163007,0.7407,38.37
sarcos,student_point_hard,1,2.251298,,,2.16
sarcos,student_point_soft,1,2.419979,,,2.02
sarcos,student_quant_hard,1,2.620677,1.270491,0.7719,72.83
sarcos,student_quant_soft,1,2.347675,1.162994,0.736,38.59
sarcos,student_point_hard,2,2.246097,,,2.1
sarcos,student_point_soft,2,2.417384,,,2.12
sarcos,student_quant_hard,2,2.610613,1.269071,0.7685,74.39
sarcos,student_quant_soft,2,2.358096,1.163567,0.7405,38.2
